-- MySQL dump 10.13  Distrib 5.5.53, for Win32 (AMD64)
--
-- Host: 127.0.0.1    Database: exam
-- ------------------------------------------------------
-- Server version	5.5.14

/*!40101 SET @OLD_CHARACTER_SET_CLIENT=@@CHARACTER_SET_CLIENT */;
/*!40101 SET @OLD_CHARACTER_SET_RESULTS=@@CHARACTER_SET_RESULTS */;
/*!40101 SET @OLD_COLLATION_CONNECTION=@@COLLATION_CONNECTION */;
/*!40101 SET NAMES utf8 */;
/*!40103 SET @OLD_TIME_ZONE=@@TIME_ZONE */;
/*!40103 SET TIME_ZONE='+00:00' */;
/*!40014 SET @OLD_UNIQUE_CHECKS=@@UNIQUE_CHECKS, UNIQUE_CHECKS=0 */;
/*!40014 SET @OLD_FOREIGN_KEY_CHECKS=@@FOREIGN_KEY_CHECKS, FOREIGN_KEY_CHECKS=0 */;
/*!40101 SET @OLD_SQL_MODE=@@SQL_MODE, SQL_MODE='NO_AUTO_VALUE_ON_ZERO' */;
/*!40111 SET @OLD_SQL_NOTES=@@SQL_NOTES, SQL_NOTES=0 */;

--
-- Table structure for table `paper`
--

DROP TABLE IF EXISTS `paper`;
/*!40101 SET @saved_cs_client     = @@character_set_client */;
/*!40101 SET character_set_client = utf8 */;
CREATE TABLE `paper` (
  `id` int(11) NOT NULL AUTO_INCREMENT COMMENT '试卷唯一标识',
  `name` varchar(32) NOT NULL COMMENT '试卷名称',
  `start_time` datetime NOT NULL COMMENT '考试开始时间',
  `remark` text COMMENT '备注',
  `create_time` datetime NOT NULL COMMENT '创建时间',
  `update_time` datetime NOT NULL COMMENT '更新时间',
  `status_cd` int(11) NOT NULL DEFAULT '1' COMMENT '状态： 0：发布 1：结束',
  `type` varchar(32) DEFAULT NULL COMMENT '试卷包括的题型 采用默认排列顺序 单项、多项、判断、填空、简答、应用',
  `end_time` datetime NOT NULL COMMENT '考试结束时间',
  `score` varchar(32) DEFAULT NULL COMMENT '对应type题型 每个题型下单个问题占分 采用默认排序方式',
  `type_nums` varchar(32) DEFAULT NULL COMMENT '试卷包括的题型数量 采用默认排列顺序 单项、判断、填空、简答、应用',
  PRIMARY KEY (`id`)
) ENGINE=InnoDB AUTO_INCREMENT=16 DEFAULT CHARSET=utf8 COMMENT='试卷信息表';
/*!40101 SET character_set_client = @saved_cs_client */;

--
-- Dumping data for table `paper`
--

LOCK TABLES `paper` WRITE;
/*!40000 ALTER TABLE `paper` DISABLE KEYS */;
INSERT INTO `paper` VALUES (13,'Java考试','2019-04-22 14:38:08',NULL,'2019-04-22 14:38:17','2019-04-22 14:38:54',0,'1,0,0,0,0','2019-04-23 00:00:00','3,0,0,0,0','10,0,0,0,0'),(15,'英语四级考试','2019-04-23 15:11:22',NULL,'2019-04-22 15:11:40','2019-04-22 15:11:40',0,'1,0,0,0,0','2019-04-24 00:00:00','3,0,0,0,0','10,0,0,0,0');
/*!40000 ALTER TABLE `paper` ENABLE KEYS */;
UNLOCK TABLES;

--
-- Table structure for table `paper_question`
--

DROP TABLE IF EXISTS `paper_question`;
/*!40101 SET @saved_cs_client     = @@character_set_client */;
/*!40101 SET character_set_client = utf8 */;
CREATE TABLE `paper_question` (
  `id` int(11) NOT NULL AUTO_INCREMENT COMMENT '唯一标识',
  `paper_id` int(11) NOT NULL COMMENT '试卷id',
  `question_id` int(11) DEFAULT NULL COMMENT '题目id',
  PRIMARY KEY (`id`)
) ENGINE=InnoDB AUTO_INCREMENT=303 DEFAULT CHARSET=utf8 COMMENT='该试卷下题库';
/*!40101 SET character_set_client = @saved_cs_client */;

--
-- Dumping data for table `paper_question`
--

LOCK TABLES `paper_question` WRITE;
/*!40000 ALTER TABLE `paper_question` DISABLE KEYS */;
INSERT INTO `paper_question` VALUES (263,13,166),(264,13,167),(265,13,168),(266,13,169),(267,13,170),(268,13,171),(269,13,172),(270,13,173),(271,13,146),(272,13,147),(293,15,40),(294,15,41),(295,15,42),(296,15,43),(297,15,44),(298,15,45),(299,15,46),(300,15,47),(301,15,48),(302,15,49);
/*!40000 ALTER TABLE `paper_question` ENABLE KEYS */;
UNLOCK TABLES;

--
-- Table structure for table `question`
--

DROP TABLE IF EXISTS `question`;
/*!40101 SET @saved_cs_client     = @@character_set_client */;
/*!40101 SET character_set_client = utf8 */;
CREATE TABLE `question` (
  `id` int(11) NOT NULL AUTO_INCREMENT COMMENT '问题唯一标识',
  `title` text NOT NULL COMMENT '问题标题',
  `type` varchar(32) NOT NULL COMMENT '题型',
  `option_A` text COMMENT '选项A内容',
  `option_B` text COMMENT '选项B内容',
  `option_C` text COMMENT '选项C内容',
  `option_D` text COMMENT '选项D内容',
  `option_F` text COMMENT '选项F内容',
  `answer` text NOT NULL COMMENT '参考答案',
  `create_time` datetime DEFAULT NULL COMMENT '创建时间',
  `update_time` datetime DEFAULT NULL COMMENT '更新时间',
  `option_E` text COMMENT '选项E内容',
  PRIMARY KEY (`id`)
) ENGINE=InnoDB AUTO_INCREMENT=189 DEFAULT CHARSET=utf8 COMMENT='问题信息表:默认选择题4个选项A/B/C/D';
/*!40101 SET character_set_client = @saved_cs_client */;

--
-- Dumping data for table `question`
--

LOCK TABLES `question` WRITE;
/*!40000 ALTER TABLE `question` DISABLE KEYS */;
INSERT INTO `question` VALUES (1,'猿辅导公司某研发小组一共有 12 名同学，其中 9 人能做后端开发，6 人能做前端开发。现在要抽调 4 名同学成立项目小组，负责公司的一项“机密”项目。其中 2 名同学做后端开发，2 名同学做前端开发。有多少种选派方法？','单选题','180','225','423','540',NULL,'C','2019-02-01 21:23:10','2019-02-01 21:23:10',NULL),(2,'关于数据库，以下描述错误的是','多选题','任意两行的主键值都不相同','主键列不允许NULL值','表可包含多个唯一约束，但每个表只允许一个主键','唯一约束列不允许NULL值',NULL,'B,D','2019-02-01 21:24:24','2019-02-01 21:24:24','全部都是错的'),(3,'有一个虚拟存储系统不会发生缺页','判断题',NULL,NULL,NULL,NULL,NULL,'对','2019-02-01 21:26:36','2019-02-01 21:26:36',NULL),(4,'有一个虚拟存储系统不会发生缺页','简答题',NULL,NULL,NULL,NULL,NULL,'主键列不允许NULL值','2019-02-01 21:26:36','2019-02-01 21:26:36',NULL),(5,'<p>关于数据库，以下描述错误的是</p>','多项选择','任意两行的主键值都不相同','主键列不允许NULL值','表可包含多个唯一约束，但每个表只允许一个主键','唯一约束列不允许NULL值',NULL,'B,D','2019-03-10 11:01:45','2019-03-10 11:01:45','全部都是错的'),(6,'下列网络中，属于业务网的是（）。','单选题','基础网','同步网','互联网','核心网',NULL,'C','2019-03-13 22:04:58','2019-03-13 22:04:58',''),(7,'下列选项中，属于属于电路交换技术的特点是（）。','单选题','对通信信号原封不动传送','采用标准协议实现互通','实时性好,线路利用率高','业务提供与呼叫控制分离',NULL,'A','2019-03-13 22:05:50','2019-03-13 22:05:50',''),(8,'在移动通信的（）阶段，核心网只有电路域。','单选题','2G','2.5G','3G','4G',NULL,'A','2019-03-13 22:06:44','2019-03-13 22:06:44',''),(9,'PIN网络提供的电缆接口不包括（）。','单选题','E1','ADSL','STM-4','GE',NULL,'C','2019-03-13 22:06:46','2019-03-13 22:06:46',''),(10,'与PDH相比，SDH的特点是()。','单选题','国际标准在STM-4等级以上得以统一','开销比特使网管能力降低','可以进行最佳路由选择','频带利用率比PDH高',NULL,'C','2019-03-13 22:06:46','2019-03-13 22:06:46',''),(11,'光分插复用器（OADM）可在光域直接实现()功能。','单选题','上下波道','交叉连接','网络恢复','波长转换',NULL,'A','2019-03-13 22:06:46','2019-03-13 22:06:46',''),(12,'IPv6比IPv4更有优势的特点是（）。','单选题','IP地址长度增加2倍','理论上可提供的地址数比IPv4多40万倍','使用子网划分技术减小路由麦长度','提供了服务质量控制平台',NULL,'D','2019-03-13 22:06:46','2019-03-13 22:06:46',''),(13,'广播电视发射工程安装馈筒时，馈筒检修孔应()。','单选题','朝上','朝下','朝内','朝外',NULL,'D','2019-03-13 22:06:46','2019-03-13 22:06:46',''),(14,'VSAT卫星通信网络的主要特点是()。','单选题','互操作性好,保密性差','组网灵活,独立性差','通信效率高,可靠性差','设备简单,智能化低',NULL,'A','2019-03-13 22:06:46','2019-03-13 22:06:46',''),(15,'下列关于蓄电池充放电的要求,正确的是（）。','单选题','电池容量试验后,充电期间24h不能停电','电池放电容量不应大于其额定容量的70%','采用3小时率放电,U终=1.835V','铅酸蓄电池初充电完后,静置1h后方可进行放电测试',NULL,'D','2019-03-13 22:06:46','2019-03-13 22:06:46',''),(16,'在电缆中，五类4对非屏蔽双绞线电缆随着频率增大（）。','单选题','传输衰减增大,近端串音衰减增大','传输衰减增大,近端串音衰减减小','传输衰减减小,近端串音衰减增大','传输衰减减小,近端串音衰减减小',NULL,'B','2019-03-13 22:06:46','2019-03-13 22:06:46',''),(17,'数字电视系统不采用()方式进行数字调制。','单选题','FSK','QAM','COFDM','QPSK',NULL,'A','2019-03-13 22:06:46','2019-03-13 22:06:46',''),(18,'演播室灯光强度的控制,主要是通过电气调光设备控制电光源的工作()的方式实现。','单选题','电压','电流','电阻','电容',NULL,'B','2019-03-13 22:06:46','2019-03-13 22:06:46',''),(19,'下列GPS无限安装的做法,符合要求的是()。','单选题','保持垂直,离开周围金属物体距离≥1m','在我国北方地区安装于铁塔的北侧','保持周围遮挡物对天线遮挡≤30°','使GPS天线处于避雷针顶点下倾50°保护范围内',NULL,'C','2019-03-13 22:06:46','2019-03-13 22:06:46',''),(20,'关于通信线路施工技术的说法,错误的是()。','单选题','光缆长度复测应100%抽样','固定接头光纤的接线应采用熔接法','光缆单盘损耗应采用后向散射法测试','对光缆最小曲率半径的要求在敷设过程中和固定后相同',NULL,'D','2019-03-13 22:06:46','2019-03-13 22:06:46',''),(21,'气吹微缆的特点不包括（）。','单选题','初期建设成本高','应用范围广','接头少','更快的吹缆速度',NULL,'A','2019-03-13 22:06:46','2019-03-13 22:06:46',''),(22,'接入网的主要功能不包括（）。','单选题','传送功能','交换功能','用户口功能','业务口功能',NULL,'B','2019-03-13 22:06:46','2019-03-13 22:06:46',''),(23,'关于架空杆路施工的说法，错误的是（）。','单选题','热闹市区的拉线应加装绝缘子','在与10kv以上高压输电线交越处，两侧电杆避雷线应断开50mm间隙','拉线地锚应埋设端正,拉线盘与地面垂直','易被行人碰触的拉线应用绝缘材料保护',NULL,'C','2019-03-13 22:06:46','2019-03-13 22:06:46',''),(24,'对通信施工企业专职安全生产管理人员进行能力考核时，应考核()。','单选题','组织开展安全检查情况','制定安全施工措施情况','监督安全技术交底的执行情况','检查施工现场安全生产达标情况',NULL,'C','2019-03-13 22:06:46','2019-03-13 22:06:46',''),(25,'根据广播电视中心的防火要求，语音录音室建筑面积为24㎡时，规定门的总净宽是()。','单选题','≥0.9','≥1.1','≥1.4','≥1.5',NULL,'B','2019-03-13 22:06:46','2019-03-13 22:06:46',''),(26,'下列网络中,不属于“三网融合”对象的有()。','多选题','卫星通信网','铁路通信网','有线电视网','计算机通信网',NULL,'A,B,E','2019-03-13 22:13:15','2019-03-13 22:13:15','电力通信网'),(27,'第五代移动通信系统无线技术的创新包括()等。','多选题','大规模天线阵列','正交频分复用技术','新型多址','全频谱接入',NULL,'A,C,D','2019-03-13 22:13:23','2019-03-13 22:13:23','多输入输出技术'),(28,'通信局采用的供电方式主要有()等。','多选题','集中供电方式','混合供电方式','直流集中,交流分散供电方式','直流分散,交流集中供电方式',NULL,'A,B,E','2019-03-13 22:13:38','2019-03-13 22:13:38','一体化供电方式'),(29,'关于光纤特性的说法,正确的是()','多选题','单模光纤的几何尺寸远大于光波波长','多模光纤只适用于低速率短距离传输','G.654光纤在1550mm的色散为零','光纤芯内部比环绕它的介质折射率大',NULL,'B,D','2019-03-13 22:13:39','2019-03-13 22:13:39','G.652光纤对弯曲损耗不敏感'),(30,'与录音室混响时间长短有关的是()','多选题','房间容积','墙壁材料','地板材料','门窗面积',NULL,'A,B,C,E','2019-03-13 22:13:40','2019-03-13 22:13:40','顶棚材料'),(31,'我国有线电视监测系统的主要任务包括()。','多选题','安全监测','用户监测','内容监测','质量监测',NULL,'A,C,D','2019-03-13 22:13:41','2019-03-13 22:13:41','分频监测'),(32,'在设备割接.迁装时,正确的做法有()。','多选题','割接由施工单位负责组织','拆除前核对设备供电端子准确位置','先拆信号线后拆电源线','拆除的线缆两端做好绝缘防护',NULL,'B,D,E','2019-03-13 22:13:41','2019-03-13 22:13:41','单机主要指标达到迁装前的水平'),(33,'在光纤传输系统中,直接影响传输距离的因素有（）。','多选题','设备发光功率','光纤衰减系数','设备中心频率','设备输入抖动容限',NULL,'A,B,E','2019-03-13 22:13:42','2019-03-13 22:13:42','设备接收灵敏度'),(34,'无线网络优化主要从()方面来进行分析。','多选题','掉话','系统接通率','切换','干扰',NULL,'A,C,D','2019-03-13 22:13:43','2019-03-13 22:13:43','呼叫'),(35,'需要进入电磁辐射超标区域工作时,为降低与人体的伤害,可采用的措施有()。','多选题','事先测量电磁场强度','控制暴露时间','穿防护服','调整天线高度',NULL,'B,C,E','2019-03-13 22:13:43','2019-03-13 22:13:43','暂时降低发射功率'),(36,'She stayed at home during the whole summer vacation __________ she could look\'after her old grandmother．','单选题','in case','now that','So that','as though',NULL,'C','2019-03-13 22:27:11','2019-03-13 22:27:11',''),(37,'He said he____travelingwith his family after the entrance examination． ','单选题','will consider','considered','has considered','would consider',NULL,'D','2019-03-13 22:27:12','2019-03-13 22:27:12',''),(38,'The professor requests that we__________ the term papers by the end of this month．','单选题','will hand in&nbsp;','will have handed in&nbsp;&nbsp;&nbsp;','to hand in','hand in',NULL,'D','2019-03-13 22:27:15','2019-03-13 22:27:15',''),(39,'_________in the doorway，the house appeared to be much smaller than it had seemed to us as childrenmany years ago． ','单选题','When we stood&nbsp;&nbsp;&nbsp;','Being standing','Standing','Stood',NULL,'A','2019-03-13 22:27:15','2019-03-13 22:27:15',''),(40,'The Dresident who has wonthe election___________________013 television next week.','单选题','be to speak&nbsp;','is to speak&nbsp;&nbsp;&nbsp;','is speaking','to speak',NULL,'B','2019-03-13 22:27:15','2019-03-13 22:27:15',''),(41,'At the pany，everybody congratulated the scientist_____________winning the awardafter his years of hard work．','单选题','to&nbsp;&nbsp;&nbsp;','on&nbsp;&nbsp;','at','about',NULL,'B','2019-03-13 22:27:15','2019-03-13 22:27:15',''),(42,'She apologized_______themess she had made，but her parents were still very angry．','单选题','at&nbsp;&nbsp;&nbsp;','on&nbsp;&nbsp;','with','for',NULL,'D','2019-03-13 22:27:15','2019-03-13 22:27:15',''),(43,'Professor Liu_________for20 years by the end of next summer．','单选题','has taught&nbsp;&nbsp;&nbsp;','will be teaching','has been teaching','will have taught',NULL,'D','2019-03-13 22:27:15','2019-03-13 22:27:15',''),(44,'Even __________Paul’s brother liresin Brazil，he has never been there．','单选题','although&nbsp;&nbsp;&nbsp;','despite&nbsp;&nbsp;&nbsp;','though','that',NULL,'C','2019-03-13 22:27:15','2019-03-13 22:27:15',''),(45,'___________90t in thewheat than it began to rain heavily．','单选题','No sooner hadthey&nbsp;&nbsp;&nbsp;','No sooner have they','No sooner they','No sooner they had',NULL,'A','2019-03-13 22:27:15','2019-03-13 22:27:15',''),(46,'The question is__________ me and I have no idea of it.','单选题','beyond','over','beside','above',NULL,'A','2019-03-13 22:27:15','2019-03-13 22:27:15',''),(47,'\nThe output of our company this month is__________ that of last month.','单选题','twice as much as','twice as much','twice many as','twice as many as',NULL,'A','2019-03-13 22:27:15','2019-03-13 22:27:15',''),(48,'\nHardly had I got home __________the telephone rang.','单选题','then','when','as','than',NULL,'B','2019-03-13 22:27:15','2019-03-13 22:27:15',''),(49,'\nBy the time you get back, I __________all the work.','单选题','would finish','will have finished','has finished','had finished',NULL,'B','2019-03-13 22:27:15','2019-03-13 22:27:15',''),(50,'\nIt\' s required that the students__________the term paper tomorrow.','单选题','finished','finish','will finish','may finish',NULL,'B','2019-03-13 22:27:15','2019-03-13 22:27:15',''),(51,'\n__________ the final examination is over, we can go outside for a picnic.','单选题','Even though','Now that','For','With',NULL,'B','2019-03-13 22:27:15','2019-03-13 22:27:15',''),(52,'\nTom was the only one of the students who__________named Outstanding Student.','单选题','is','are','was','were',NULL,'C','2019-03-13 22:27:15','2019-03-13 22:27:15',''),(53,'There is something wrong with my car. It will take me one hour to have it__________','单选题','fix','fixing','to fix','fixed',NULL,'D','2019-03-13 22:27:15','2019-03-13 22:27:15',''),(54,'Seldom __________his wife punishes her children for speaking out their own ideas freely.','单选题','I saw','I have seen','have I seen','do I see',NULL,'C','2019-03-13 22:27:15','2019-03-13 22:27:15',''),(55,'It\' s high time the government_ ____ sorry some measures to raise people\' s awareness of environmental protection.','单选题','will take','take','took','takes',NULL,'C','2019-03-13 22:27:15','2019-03-13 22:27:15',''),(56,'All students are eager to know__________they will pass the exam or not.','单选题','if','that','whether','why',NULL,'C','2019-03-13 22:27:15','2019-03-13 22:27:15',''),(57,'\nWhen the couple__________here, they__________to the park.','单选题','will come; will go','come; go','will come; go','come; will go',NULL,'D','2019-03-13 22:27:15','2019-03-13 22:27:15',''),(58,'\n—I cannot find Tom anywhere.<br />\n—He __________have been off long. I heard him make a call just now.','单选题','shouldn\'t','can\'t','mustn\'t','needn\'t',NULL,'B','2019-03-13 22:27:15','2019-03-13 22:27:15',''),(59,'\nNo matter who he is, young or old, people\' s state of mind tends to keep__________         with the rapid change of society.','单选题','contact','progress','touch','pace',NULL,'D','2019-03-13 22:27:15','2019-03-13 22:27:15',''),(60,'\nTo tell you the truth, it\' s very hard for us to help them get rid of Interact addiction. But we __________on this problem trying to improve the situation.','单选题','worked','had worked','are working','had been working',NULL,'C','2019-03-13 22:27:15','2019-03-13 22:27:15',''),(61,'There was an earthquake happened, __________100 people and with more than 300__________.','单选题','killed; injured','killing; injured','killed; injuring','killing; injuring',NULL,'B','2019-03-13 22:27:15','2019-03-13 22:27:15',''),(62,'\n50 miles southwest of the country__________the famous beautiful mountain. ','单选题','laying','Iie','lies','lays',NULL,'C','2019-03-13 22:27:15','2019-03-13 22:27:15',''),(63,'\nEveryone has periods in their lives__________everything seems so hard.','单选题','when','where','which','that',NULL,'A','2019-03-13 22:27:15','2019-03-13 22:27:15',''),(64,'\nMiss Liu doesn\' t mind__________your homework as long as it is done by yourself.','单选题','you to delay handing in','your delaying handing in','your delaying to hand in','you delay to hand in',NULL,'B','2019-03-13 22:27:15','2019-03-13 22:27:15',''),(65,'\nBy no means __________ready to quit her study.','单选题','will she','she will','she is','is she',NULL,'D','2019-03-13 22:27:15','2019-03-13 22:27:15',''),(66,'We\'11 never forget __________ in New York last year.','单选题','us to meet a few friends&nbsp;','our meeting a few friends&nbsp;&nbsp;','a few friends to meet&nbsp;','a few friends meeting',NULL,'B','2019-03-13 22:27:15','2019-03-13 22:27:15',''),(67,'\nIsthere any hope of__________the gold medal?','单选题','John to win&nbsp;','John win','winning John','John\' s winning',NULL,'D','2019-03-13 22:27:15','2019-03-13 22:27:15',''),(68,'\nThere is a man at the reception desk who seems very angry and I think he means __________trouble.','单选题','making','to make','to have made','having made',NULL,'B','2019-03-13 22:27:15','2019-03-13 22:27:15',''),(69,'\n__________hersurprise, Miss Wang found nobody in the classroom.','单选题','At','To','For&nbsp;','With',NULL,'B','2019-03-13 22:27:15','2019-03-13 22:27:15',''),(70,'\nAnderson is one of those __________ &nbsp;appear friendly but in fact are hard to dealwith.','单选题','who&nbsp;&nbsp;','they','that','which',NULL,'A','2019-03-13 22:27:15','2019-03-13 22:27:15',''),(71,'\nIwish they__________ in their ball game.','单选题','will be succeeded&nbsp;&nbsp;','succeeded','would be successful','were success',NULL,'B','2019-03-13 22:27:15','2019-03-13 22:27:15',''),(72,'It is difficult for her to make the final decision now, __________ she is in adelicate situation.','单选题','if','unless&nbsp;&nbsp;','until','since',NULL,'D','2019-03-13 22:27:15','2019-03-13 22:27:15',''),(73,'\nInold China women used','单选题','to look down&nbsp;','to look down upon','to be looked down','to be looked down upon',NULL,'D','2019-03-13 22:27:15','2019-03-13 22:27:15',''),(74,'\nIsuppose you know everything about that event,&nbsp;&nbsp;','单选题','don\' t you','do I','do you','don\' t I',NULL,'A','2019-03-13 22:27:15','2019-03-13 22:27:15',''),(75,'\nHellen is fond of light music,__________ her brother is keen on rock and roll.','单选题','when&nbsp;','and&nbsp;&nbsp;','while','for',NULL,'C','2019-03-13 22:27:15','2019-03-13 22:27:15',''),(76,'__________,Gloria started looking for work.','单选题','All the money being spent','All the money having been spent','All the money spend','Spending all the money',NULL,'B','2019-03-13 22:27:15','2019-03-13 22:27:15',''),(77,'\nItwill take you one hour and fifty minutes __________the top of Mount Tai.','单选题','reaching&nbsp;','to reach','being reached&nbsp;','having been reached',NULL,'B','2019-03-13 22:27:15','2019-03-13 22:27:15',''),(78,'\n__________the news, Ida changed her plans.','单选题','In hearing','To hear','Of heating','On hearing',NULL,'D','2019-03-13 22:27:15','2019-03-13 22:27:15',''),(79,'\nTonyis talking about the friends and the food __________ interest him.','单选题','which&nbsp;','who','that','as',NULL,'C','2019-03-13 22:27:15','2019-03-13 22:27:15',''),(80,'\nIdidn\' t understand at first why he couldn\' t pass the test, no matter__________hard he had tried.','单选题','when','where','what','how',NULL,'D','2019-03-13 22:27:15','2019-03-13 22:27:15',''),(81,'\nInthe__________half of the 17th century those cities became even more prosperous.','单选题','latter','latest','later&nbsp;','late',NULL,'A','2019-03-13 22:27:15','2019-03-13 22:27:15',''),(82,'\n__________ coming here, I haven\' t seen a single person.','单选题','Since','From','By&nbsp;','At',NULL,'A','2019-03-13 22:27:15','2019-03-13 22:27:15',''),(83,'\nBetween 1975 and 1996, the number of overseas visitors expanded __________27%on average each year.','单选题','in','by','for','to',NULL,'B','2019-03-13 22:27:15','2019-03-13 22:27:15',''),(84,'\nSolittle__________about chemistry that the lecture was completely beyond me.','单选题','did I know','1 know&nbsp;','do I know&nbsp;','I knew',NULL,'A','2019-03-13 22:27:15','2019-03-13 22:27:15',''),(85,'\nHadI known the result, I__________you to tell me.','单选题','would not ask','would not have asked','had not asked','have not asked',NULL,'B','2019-03-13 22:27:15','2019-03-13 22:27:15',''),(86,'Laptops are now so expensive______________beyond the reach of almost everyone.','单选题','that be&nbsp;&nbsp;&nbsp;&nbsp;&nbsp;&nbsp;&nbsp;&nbsp;','as to be&nbsp;&nbsp;&nbsp;&nbsp;&nbsp;&nbsp;&nbsp;&nbsp;&nbsp;&nbsp;','as be&nbsp;&nbsp;&nbsp;&nbsp;&nbsp;&nbsp;&nbsp;&nbsp;&nbsp;&nbsp;&nbsp;&nbsp;&nbsp;','as being',NULL,'B','2019-03-13 22:27:15','2019-03-13 22:27:15',''),(87,'\nYou  might as well______________your money as spend it in gambling.','单选题','to throw&nbsp;&nbsp;&nbsp;&nbsp;&nbsp;&nbsp;&nbsp;','throwing&nbsp;&nbsp;&nbsp;&nbsp;&nbsp;&nbsp;&nbsp;&nbsp;&nbsp;&nbsp;','throw&nbsp;&nbsp;&nbsp;&nbsp;&nbsp;&nbsp;&nbsp;&nbsp;&nbsp;&nbsp;&nbsp;&nbsp;','to be thrown',NULL,'C','2019-03-13 22:27:15','2019-03-13 22:27:15',''),(88,'\n______________his  appearance, he comes from a well-off family.','单选题','Judged from&nbsp;&nbsp;&nbsp;&nbsp;&nbsp;&nbsp;&nbsp;&nbsp;&nbsp;&nbsp;&nbsp;&nbsp;&nbsp;&nbsp;&nbsp;&nbsp;&nbsp;&nbsp;&nbsp;&nbsp;&nbsp;&nbsp;&nbsp;&nbsp;&nbsp;&nbsp;','To judge from','Judging from&nbsp;&nbsp;&nbsp;&nbsp;&nbsp;&nbsp;&nbsp;&nbsp;&nbsp;&nbsp;&nbsp;&nbsp;&nbsp;&nbsp;&nbsp;&nbsp;&nbsp;&nbsp;&nbsp;&nbsp;&nbsp;&nbsp;&nbsp;&nbsp;','Having been judging from',NULL,'C','2019-03-13 22:27:15','2019-03-13 22:27:15',''),(89,'\nHe  must have heard of the bad news,______________can be perceived in his  expression.','单选题','as&nbsp;&nbsp;&nbsp;&nbsp;&nbsp;&nbsp;&nbsp;&nbsp;&nbsp;&nbsp;&nbsp;','what&nbsp;&nbsp;&nbsp;&nbsp;&nbsp;&nbsp;&nbsp;&nbsp;&nbsp;&nbsp;&nbsp;&nbsp;','while&nbsp;&nbsp;&nbsp;&nbsp;&nbsp;&nbsp;&nbsp;&nbsp;&nbsp;&nbsp;&nbsp;','that',NULL,'A','2019-03-13 22:27:15','2019-03-13 22:27:15',''),(90,'\nAt  the beginning he refused to take any responsibility but he had to end up  by______________&nbsp;&nbsp;&nbsp; ','单选题','to apologize&nbsp;&nbsp;&nbsp;&nbsp;&nbsp;&nbsp;&nbsp;&nbsp;&nbsp;&nbsp;&nbsp;&nbsp;&nbsp;&nbsp;&nbsp;&nbsp;&nbsp;&nbsp;&nbsp;&nbsp;&nbsp;&nbsp;&nbsp;&nbsp;&nbsp;&nbsp;','apologizing','apologized&nbsp;&nbsp;&nbsp;&nbsp;&nbsp;&nbsp;&nbsp;&nbsp;&nbsp;&nbsp;&nbsp;&nbsp;&nbsp;&nbsp;&nbsp;&nbsp;&nbsp;&nbsp;&nbsp;&nbsp;&nbsp;&nbsp;&nbsp;&nbsp;&nbsp;&nbsp;','apologize',NULL,'B','2019-03-13 22:27:15','2019-03-13 22:27:15',''),(91,'\nWith  the development of artificial intelligence, robots will do some mental work in  office______________some manual work on the production line.','单选题','in addition&nbsp;&nbsp;&nbsp;&nbsp;&nbsp;','except&nbsp;&nbsp;&nbsp;&nbsp;&nbsp;&nbsp;&nbsp;&nbsp;&nbsp;&nbsp;&nbsp;&nbsp;','as well as&nbsp;&nbsp;&nbsp;&nbsp; &nbsp;&nbsp;&nbsp;&nbsp;&nbsp;','as well',NULL,'C','2019-03-13 22:27:15','2019-03-13 22:27:15',''),(92,'\nMy  plane______________at 9 o\' clock tomorrow morning. Will you come to see me  off\'?','单选题','will be leave&nbsp;&nbsp;&nbsp;&nbsp;&nbsp;&nbsp;&nbsp;&nbsp;&nbsp;&nbsp;&nbsp;&nbsp;&nbsp;&nbsp;&nbsp;&nbsp;&nbsp;&nbsp;&nbsp;&nbsp;&nbsp;&nbsp;&nbsp;&nbsp;','leaves&nbsp;&nbsp;&nbsp;','will have left&nbsp;&nbsp;&nbsp;&nbsp;&nbsp;&nbsp;&nbsp;&nbsp;&nbsp;&nbsp;&nbsp;&nbsp;&nbsp;&nbsp;&nbsp;&nbsp;&nbsp;&nbsp;&nbsp;&nbsp;&nbsp;&nbsp;&nbsp;&nbsp;','is left',NULL,'B','2019-03-13 22:27:15','2019-03-13 22:27:15',''),(93,'\nTo  know what is good and______________are two different things.','单选题','doing what is right&nbsp;&nbsp;&nbsp;&nbsp;&nbsp;&nbsp;&nbsp;&nbsp;&nbsp;&nbsp;&nbsp;&nbsp;&nbsp;&nbsp;&nbsp;&nbsp;&nbsp;','to do what is right','did what was right&nbsp;&nbsp;&nbsp;&nbsp;&nbsp;&nbsp;&nbsp;&nbsp;&nbsp;&nbsp;&nbsp;&nbsp;&nbsp;&nbsp;&nbsp;&nbsp;&nbsp;','to do what was right',NULL,'B','2019-03-13 22:27:15','2019-03-13 22:27:15',''),(94,'\nThey  have to adjust in ______________way that they don\' t make a loss.','单选题','a such&nbsp;&nbsp;&nbsp;&nbsp;&nbsp;&nbsp;&nbsp;&nbsp;&nbsp;','such&nbsp;  &nbsp;&nbsp;&nbsp;&nbsp;&nbsp;&nbsp;&nbsp;&nbsp;&nbsp;&nbsp;&nbsp;&nbsp;','such a&nbsp;&nbsp;&nbsp;&nbsp;&nbsp;&nbsp;&nbsp;&nbsp;&nbsp;&nbsp;&nbsp;&nbsp;','so',NULL,'C','2019-03-13 22:27:15','2019-03-13 22:27:15',''),(95,'\nWe  are all for your suggestion that the trip ______________','单选题','is to put off&nbsp;&nbsp;&nbsp;&nbsp;&nbsp;&nbsp;&nbsp;&nbsp;&nbsp;&nbsp;&nbsp;&nbsp;&nbsp;&nbsp;&nbsp;&nbsp;&nbsp;&nbsp;&nbsp;&nbsp;&nbsp;&nbsp;&nbsp;','was put off&nbsp;&nbsp;&nbsp;','should put off&nbsp;&nbsp;&nbsp;&nbsp;&nbsp;&nbsp;&nbsp;&nbsp;&nbsp;&nbsp;&nbsp;&nbsp;&nbsp;&nbsp;&nbsp;&nbsp;&nbsp;&nbsp;&nbsp;&nbsp;&nbsp;&nbsp;&nbsp;','be put off',NULL,'D','2019-03-13 22:27:15','2019-03-13 22:27:15',''),(96,'In  spite of what we said, he refused to______________ to the police station.','单选题','give away&nbsp;&nbsp;&nbsp;&nbsp;&nbsp;&nbsp;&nbsp;&nbsp;&nbsp;&nbsp;&nbsp;&nbsp;&nbsp;&nbsp;&nbsp;&nbsp;&nbsp;&nbsp;&nbsp;&nbsp;&nbsp;&nbsp;&nbsp;&nbsp;&nbsp;&nbsp;&nbsp;','give off','give himself away&nbsp;&nbsp;&nbsp;&nbsp; &nbsp;&nbsp;&nbsp;&nbsp;&nbsp;&nbsp;&nbsp;&nbsp;&nbsp;&nbsp;&nbsp;&nbsp;&nbsp;&nbsp;&nbsp;&nbsp;','give himself up',NULL,'D','2019-03-13 22:27:15','2019-03-13 22:27:15',''),(97,'\nIt  is imperative that the students______________writing their papers by the end of  the month.','单选题','finish&nbsp;&nbsp;&nbsp;&nbsp;&nbsp;&nbsp;&nbsp;&nbsp;&nbsp;','must finish&nbsp;&nbsp;&nbsp;&nbsp;&nbsp;&nbsp;&nbsp;','will finish&nbsp;&nbsp;&nbsp;&nbsp;&nbsp;&nbsp;&nbsp;&nbsp;','are to finish',NULL,'A','2019-03-13 22:27:15','2019-03-13 22:27:15',''),(98,'\nI  invited Tom and Ann to dinner, but______________of them came.','单选题','both&nbsp;&nbsp;&nbsp;&nbsp;&nbsp;&nbsp;&nbsp;&nbsp;&nbsp;','none&nbsp;&nbsp;&nbsp;&nbsp;&nbsp;&nbsp;&nbsp;&nbsp;&nbsp;&nbsp;&nbsp;&nbsp;&nbsp;','either&nbsp;&nbsp;&nbsp;&nbsp;&nbsp;&nbsp;&nbsp;&nbsp;&nbsp;&nbsp;&nbsp;&nbsp;','neither',NULL,'D','2019-03-13 22:27:15','2019-03-13 22:27:15',''),(99,'\nThe  heart is an important organ of circulation______________function is to pump  blood to all parts of the body.','单选题','which&nbsp;&nbsp;&nbsp;&nbsp;&nbsp;&nbsp;&nbsp;&nbsp;&nbsp;','whose&nbsp;&nbsp;&nbsp;&nbsp;&nbsp;&nbsp;&nbsp; &nbsp;&nbsp;&nbsp;&nbsp;&nbsp;','of it&nbsp;&nbsp;&nbsp;&nbsp;&nbsp;&nbsp;&nbsp;&nbsp;&nbsp;&nbsp;&nbsp;&nbsp;&nbsp;','its',NULL,'B','2019-03-13 22:27:15','2019-03-13 22:27:15',''),(100,'\n______________  with the size of the whole earth, the highest mountain does not seem high at  all.','单选题','When compared&nbsp;&nbsp;&nbsp;&nbsp;&nbsp;&nbsp;&nbsp;&nbsp;&nbsp;&nbsp;&nbsp;&nbsp;&nbsp;&nbsp;&nbsp;&nbsp;&nbsp;&nbsp;&nbsp;&nbsp;&nbsp;','Compare','While comparing&nbsp;&nbsp;&nbsp;&nbsp;&nbsp;&nbsp;&nbsp;&nbsp;&nbsp;&nbsp;&nbsp;&nbsp;&nbsp;&nbsp;&nbsp;&nbsp;&nbsp;&nbsp;&nbsp;&nbsp;','Comparing',NULL,'A','2019-03-13 22:27:15','2019-03-13 22:27:15',''),(101,'\nTraining astronauts______________not an easy thing.','单选题','are&nbsp;&nbsp;&nbsp;&nbsp;&nbsp;&nbsp;&nbsp;&nbsp;&nbsp;&nbsp;&nbsp;&nbsp;','is&nbsp;&nbsp;&nbsp;&nbsp;&nbsp;&nbsp;&nbsp;&nbsp;&nbsp;&nbsp;&nbsp;&nbsp;&nbsp;&nbsp;&nbsp;&nbsp;','were&nbsp;&nbsp;&nbsp;&nbsp;&nbsp;&nbsp;&nbsp;&nbsp;&nbsp;&nbsp;&nbsp;&nbsp;&nbsp;','be',NULL,'B','2019-03-13 22:27:15','2019-03-13 22:27:15',''),(102,'\nWould you be______________by the idea of going to Paris?','单选题','exciting&nbsp;&nbsp;&nbsp;&nbsp;&nbsp;&nbsp;&nbsp;','excitably&nbsp;&nbsp;&nbsp;&nbsp;&nbsp;&nbsp;&nbsp;&nbsp;&nbsp;&nbsp;','excited&nbsp;&nbsp;&nbsp;&nbsp;&nbsp;&nbsp;&nbsp;&nbsp;&nbsp;&nbsp;&nbsp;','excitedly',NULL,'C','2019-03-13 22:27:15','2019-03-13 22:27:15',''),(103,'\nThere is no______________ that women are playing an important role in the world  today.&nbsp;&nbsp;&nbsp; ','单选题','of deny&nbsp;&nbsp;&nbsp;&nbsp;&nbsp;&nbsp;&nbsp;&nbsp;','to denying&nbsp;&nbsp;&nbsp;&nbsp;&nbsp;&nbsp;&nbsp;&nbsp;','denying&nbsp;&nbsp;&nbsp;&nbsp;&nbsp;&nbsp;&nbsp;&nbsp;&nbsp;','of denying',NULL,'C','2019-03-13 22:27:15','2019-03-13 22:27:15',''),(104,'\nI am  rather concerned______________her, for I haven\' t heard from her since last  winter.&nbsp;&nbsp;&nbsp; ','单选题','of&nbsp;&nbsp;&nbsp;&nbsp;&nbsp;&nbsp;&nbsp;&nbsp;&nbsp;&nbsp;&nbsp;','at&nbsp;&nbsp;&nbsp;&nbsp;&nbsp;&nbsp;&nbsp;&nbsp;&nbsp;&nbsp;&nbsp;&nbsp;&nbsp;&nbsp;','with&nbsp;&nbsp;&nbsp;&nbsp;&nbsp;&nbsp;&nbsp;&nbsp;&nbsp;&nbsp;&nbsp;&nbsp;','about',NULL,'D','2019-03-13 22:27:15','2019-03-13 22:27:15',''),(105,'\nLook  at the terrible situation I am in! If only I______________ your advice.','单选题','had followed&nbsp;&nbsp;&nbsp;&nbsp;&nbsp;&nbsp;&nbsp;&nbsp;&nbsp;&nbsp;&nbsp;&nbsp;&nbsp;&nbsp;&nbsp;&nbsp;&nbsp;&nbsp;&nbsp;&nbsp;&nbsp;&nbsp;&nbsp;&nbsp;','would follow','follow&nbsp;&nbsp;&nbsp;&nbsp;&nbsp;&nbsp;&nbsp;&nbsp;&nbsp;&nbsp;&nbsp;&nbsp;&nbsp;&nbsp;&nbsp;&nbsp;&nbsp;&nbsp;&nbsp; &nbsp;&nbsp;&nbsp;&nbsp;&nbsp;&nbsp;&nbsp;&nbsp;&nbsp;&nbsp;&nbsp;','have followed',NULL,'A','2019-03-13 22:27:15','2019-03-13 22:27:15',''),(106,'She  moved away from her parents, and missed them______________enjoy the exciting  life in New York.&nbsp;&nbsp;&nbsp;&nbsp;&nbsp; ','单选题','too much to&nbsp;&nbsp;&nbsp;&nbsp;&nbsp;&nbsp;&nbsp;&nbsp;&nbsp;&nbsp;&nbsp;&nbsp;&nbsp;&nbsp;&nbsp;&nbsp;&nbsp;&nbsp;&nbsp;&nbsp;&nbsp;&nbsp;&nbsp;&nbsp;&nbsp;','enough to','very much to&nbsp;&nbsp;&nbsp;&nbsp;&nbsp;&nbsp;&nbsp;&nbsp;&nbsp;&nbsp;&nbsp;&nbsp;&nbsp;&nbsp;&nbsp;&nbsp;&nbsp;&nbsp;&nbsp;&nbsp;&nbsp;&nbsp;&nbsp;&nbsp;','so much to',NULL,'A','2019-03-13 22:27:15','2019-03-13 22:27:15',''),(107,'\n______________,  the negotiation went further on.','单选题','With the first point agreeing on&nbsp;&nbsp;&nbsp;&nbsp;&nbsp;&nbsp;&nbsp;','With the first point agreed on','With the first point to agree on&nbsp;&nbsp;&nbsp;&nbsp;&nbsp;&nbsp;&nbsp;&nbsp;','With agreeing on the first point',NULL,'B','2019-03-13 22:27:15','2019-03-13 22:27:15',''),(108,'\nI  regret______________the novel to Jim because he made it very dirty.','单选题','to lend&nbsp;&nbsp;&nbsp;&nbsp;&nbsp;&nbsp;&nbsp;&nbsp;&nbsp;&nbsp;&nbsp;&nbsp;&nbsp;&nbsp;&nbsp;&nbsp;&nbsp;&nbsp;&nbsp;&nbsp;&nbsp;&nbsp;&nbsp;&nbsp;&nbsp;&nbsp;&nbsp;&nbsp;','having lent&nbsp;&nbsp;&nbsp;','to be lending&nbsp;&nbsp;&nbsp;&nbsp;&nbsp;&nbsp;&nbsp;&nbsp;&nbsp;&nbsp;&nbsp;&nbsp;&nbsp;&nbsp;&nbsp;&nbsp;&nbsp;&nbsp;&nbsp;&nbsp;&nbsp;&nbsp;','lent',NULL,'B','2019-03-13 22:27:15','2019-03-13 22:27:15',''),(109,'\nThe  work they are doing is______________ great value.','单选题','in&nbsp;&nbsp;&nbsp;&nbsp;&nbsp;&nbsp;&nbsp;&nbsp;&nbsp;','of&nbsp;&nbsp;&nbsp;&nbsp;&nbsp;&nbsp;&nbsp;&nbsp;&nbsp;&nbsp;&nbsp;&nbsp;','by&nbsp;&nbsp;&nbsp;&nbsp;&nbsp;&nbsp;&nbsp;&nbsp;&nbsp;&nbsp;&nbsp;&nbsp;','from',NULL,'B','2019-03-13 22:27:15','2019-03-13 22:27:15',''),(110,'\nThe  doctor insisted that Paul\' s mother ______________examined thoroughly.','单选题','would be&nbsp;&nbsp;&nbsp;&nbsp;&nbsp;&nbsp;','must be&nbsp;&nbsp;&nbsp;&nbsp;&nbsp;&nbsp;&nbsp;&nbsp;&nbsp;&nbsp;','be&nbsp;&nbsp;&nbsp;&nbsp;&nbsp;&nbsp;&nbsp;&nbsp;&nbsp;&nbsp;&nbsp;&nbsp;&nbsp;&nbsp;','should have been',NULL,'C','2019-03-13 22:27:15','2019-03-13 22:27:15',''),(111,'\nKevin is the only student in the class______________failed in the exam.','单选题','who&nbsp;&nbsp;&nbsp;&nbsp;&nbsp;&nbsp;&nbsp;&nbsp;&nbsp;&nbsp;','that&nbsp;&nbsp;&nbsp;&nbsp;&nbsp;&nbsp;&nbsp;&nbsp;&nbsp;&nbsp;&nbsp;&nbsp;&nbsp;&nbsp;','which&nbsp;&nbsp;&nbsp;&nbsp;&nbsp;&nbsp;&nbsp;&nbsp;&nbsp;&nbsp;&nbsp;&nbsp;','whom',NULL,'B','2019-03-13 22:27:15','2019-03-13 22:27:15',''),(112,'\nThe  projects ______________by the end of 2002 will expand the city\' s telephone  network to cover 1,000,000 users.','单选题','being accomplished&nbsp;&nbsp;&nbsp;&nbsp;&nbsp;&nbsp;&nbsp;&nbsp; &nbsp;&nbsp;&nbsp;&nbsp;&nbsp;&nbsp;&nbsp;&nbsp;&nbsp;&nbsp;&nbsp;','to be accomplished','accomplished&nbsp;&nbsp;&nbsp;&nbsp;&nbsp;&nbsp;&nbsp;&nbsp;&nbsp;&nbsp;&nbsp;&nbsp;&nbsp;&nbsp;&nbsp;&nbsp;&nbsp;&nbsp;&nbsp;&nbsp;&nbsp;&nbsp;&nbsp;&nbsp;','having been accomplished',NULL,'B','2019-03-13 22:27:15','2019-03-13 22:27:15',''),(113,'\nThere is no doubt______________Herbert is the most industrious student in our  class.','单选题','whether&nbsp;&nbsp;&nbsp;&nbsp;&nbsp;&nbsp;&nbsp;','what&nbsp;&nbsp;&nbsp;&nbsp;&nbsp;&nbsp;&nbsp;&nbsp;&nbsp;&nbsp;&nbsp;&nbsp;','that&nbsp;&nbsp;&nbsp;&nbsp;&nbsp;&nbsp;&nbsp;&nbsp;&nbsp;&nbsp;&nbsp;&nbsp;&nbsp;','if',NULL,'C','2019-03-13 22:27:15','2019-03-13 22:27:15',''),(114,'\nUp  went the prices and','单选题','the  living standard came down&nbsp;&nbsp;&nbsp;&nbsp;&nbsp;&nbsp;&nbsp;&nbsp;&nbsp;','down did the riving standard  come&nbsp;&nbsp;&nbsp;','came down the living  standard&nbsp;&nbsp;&nbsp;&nbsp;&nbsp;&nbsp;&nbsp;&nbsp;&nbsp;','down came the living standard',NULL,'D','2019-03-13 22:27:15','2019-03-13 22:27:15',''),(115,'\nThe  ratio of the work done by the machine______________the work done on it is  called the efficiency of the machine.','单选题','against&nbsp;&nbsp;&nbsp;&nbsp;&nbsp;&nbsp;&nbsp;&nbsp;','with&nbsp;&nbsp;&nbsp;&nbsp;&nbsp;&nbsp;&nbsp;&nbsp;&nbsp;&nbsp;&nbsp;&nbsp;&nbsp;','to&nbsp;&nbsp;&nbsp;&nbsp;&nbsp;&nbsp;&nbsp;&nbsp;&nbsp;&nbsp;&nbsp;&nbsp;&nbsp;&nbsp;&nbsp;','for',NULL,'C','2019-03-13 22:27:15','2019-03-13 22:27:15',''),(116,'Is  there any hope of______________the final exam?','单选题','John to pass&nbsp;&nbsp;&nbsp;&nbsp;&nbsp;&nbsp;&nbsp;&nbsp;&nbsp;&nbsp;&nbsp;&nbsp;&nbsp;&nbsp;&nbsp;&nbsp;&nbsp;&nbsp;&nbsp;&nbsp;&nbsp;&nbsp;&nbsp;&nbsp;&nbsp;','John pass','passing John&nbsp;&nbsp;&nbsp;&nbsp;&nbsp;&nbsp;&nbsp;&nbsp;&nbsp;&nbsp;&nbsp;&nbsp;&nbsp;&nbsp;&nbsp;&nbsp;&nbsp;&nbsp;&nbsp;&nbsp;&nbsp;&nbsp;&nbsp;&nbsp;&nbsp;','John\' s passing',NULL,'D','2019-03-13 22:27:15','2019-03-13 22:27:15',''),(117,'\nLawrence will do anything for Lily except______________her money.&nbsp;&nbsp;&nbsp; ','单选题','lending&nbsp;&nbsp;&nbsp;&nbsp;&nbsp;&nbsp;&nbsp;&nbsp;','lend&nbsp;&nbsp;&nbsp;&nbsp;&nbsp;&nbsp;&nbsp;&nbsp;&nbsp;&nbsp;&nbsp;&nbsp;&nbsp;&nbsp;','borrowing&nbsp;&nbsp;&nbsp;&nbsp;&nbsp;&nbsp;&nbsp;&nbsp;&nbsp;','borrow',NULL,'B','2019-03-13 22:27:15','2019-03-13 22:27:15',''),(118,'\nWe  found it impossible______________ all the questions within the time given.','单选题','solve&nbsp;&nbsp;&nbsp;&nbsp;&nbsp;&nbsp; &nbsp;&nbsp;&nbsp;&nbsp;','being solving&nbsp;&nbsp;&nbsp;&nbsp;&nbsp;&nbsp;','to have solved&nbsp;&nbsp;&nbsp;&nbsp;&nbsp;','to solve',NULL,'D','2019-03-13 22:27:15','2019-03-13 22:27:15',''),(119,'\nWe  don\' t allow______________in the meeting room.','单选题','to smoke&nbsp;&nbsp;&nbsp;&nbsp;&nbsp;&nbsp;','smoked&nbsp;&nbsp;&nbsp;&nbsp;&nbsp;&nbsp;&nbsp;&nbsp;&nbsp;&nbsp;&nbsp;','smoking&nbsp;&nbsp;&nbsp;&nbsp;&nbsp;&nbsp;&nbsp;&nbsp;&nbsp;&nbsp;','to smoking',NULL,'C','2019-03-13 22:27:15','2019-03-13 22:27:15',''),(120,'\n______________is  known to the world, Mark Twain is a great American writer.','单选题','As&nbsp;&nbsp;&nbsp;&nbsp;&nbsp;&nbsp;&nbsp;&nbsp;&nbsp;&nbsp;&nbsp;','That&nbsp;&nbsp;&nbsp;&nbsp;&nbsp;&nbsp;&nbsp;&nbsp;&nbsp;&nbsp;&nbsp;&nbsp;&nbsp;','Who&nbsp;&nbsp;&nbsp;&nbsp;&nbsp;&nbsp;&nbsp;&nbsp;&nbsp;&nbsp;&nbsp;&nbsp;','Which',NULL,'A','2019-03-13 22:27:15','2019-03-13 22:27:15',''),(121,'\nThere were______________for Saturday\' s movie.','单选题','not available tickets&nbsp;&nbsp;&nbsp;&nbsp;&nbsp;&nbsp;&nbsp;&nbsp;&nbsp;&nbsp;&nbsp;&nbsp;&nbsp;&nbsp;&nbsp;&nbsp;&nbsp;&nbsp;','no available tickets','no tickets available&nbsp;&nbsp;&nbsp;&nbsp;&nbsp;&nbsp;&nbsp;&nbsp;&nbsp;&nbsp;&nbsp;&nbsp;&nbsp;&nbsp;&nbsp;&nbsp;&nbsp;&nbsp;&nbsp;','tickets no available',NULL,'C','2019-03-13 22:27:15','2019-03-13 22:27:15',''),(122,'\nThe  output of our factory is now twice ______________ it was three years ago.','单选题','what&nbsp;&nbsp;&nbsp;&nbsp;&nbsp;&nbsp;&nbsp;&nbsp;&nbsp;','that&nbsp;&nbsp;&nbsp;&nbsp;&nbsp;&nbsp;&nbsp;&nbsp;&nbsp;&nbsp;&nbsp;&nbsp;','as&nbsp;&nbsp;&nbsp;&nbsp;&nbsp;&nbsp;&nbsp;&nbsp;&nbsp;&nbsp;&nbsp;&nbsp;&nbsp;&nbsp;&nbsp;','which',NULL,'A','2019-03-13 22:27:15','2019-03-13 22:27:15',''),(123,'\nAt  no time and under no circumstances ______________ the first to use nuclear  weapons.','单选题','China will be&nbsp;&nbsp;&nbsp;&nbsp;&nbsp;&nbsp;&nbsp;&nbsp;&nbsp;&nbsp;&nbsp;&nbsp; &nbsp;&nbsp;&nbsp;&nbsp;&nbsp;&nbsp;&nbsp;&nbsp;&nbsp;&nbsp;&nbsp;&nbsp;&nbsp;','will China be&nbsp;&nbsp;&nbsp;&nbsp;','will be China&nbsp;&nbsp;&nbsp;&nbsp;&nbsp;&nbsp;&nbsp;&nbsp;&nbsp;&nbsp;&nbsp;&nbsp;&nbsp;&nbsp;&nbsp;&nbsp;&nbsp;&nbsp;&nbsp;&nbsp;&nbsp;&nbsp;&nbsp;&nbsp;&nbsp;','shall China be ',NULL,'B','2019-03-13 22:27:15','2019-03-13 22:27:15',''),(124,'\nWhat______________would happen if the manager knew you felt that way?','单选题','will you suppose&nbsp;&nbsp;&nbsp;&nbsp;&nbsp;&nbsp;&nbsp;&nbsp;&nbsp;&nbsp;&nbsp;&nbsp;&nbsp;&nbsp;&nbsp;&nbsp;&nbsp;&nbsp;&nbsp;&nbsp;&nbsp;&nbsp;','are you supposing','do you suppose&nbsp;&nbsp;&nbsp; &nbsp;&nbsp;&nbsp;&nbsp;&nbsp;&nbsp;&nbsp;&nbsp;&nbsp;&nbsp;&nbsp;&nbsp;&nbsp;&nbsp;&nbsp;&nbsp;&nbsp;&nbsp;&nbsp;&nbsp;','you would suppose',NULL,'C','2019-03-13 22:27:15','2019-03-13 22:27:15',''),(125,'\nIt  is high time someone ______________ Nick that each member of a team has to do  his share of work.','单选题','could tell&nbsp;&nbsp;&nbsp;&nbsp;&nbsp;&nbsp;&nbsp;&nbsp;&nbsp;&nbsp;&nbsp;&nbsp;&nbsp;&nbsp;&nbsp;&nbsp;&nbsp;&nbsp;&nbsp;&nbsp;&nbsp;&nbsp;&nbsp;&nbsp;&nbsp;&nbsp;','tell','told&nbsp;&nbsp;&nbsp;&nbsp;&nbsp;&nbsp;&nbsp;&nbsp;&nbsp;&nbsp;&nbsp;&nbsp;&nbsp;&nbsp;&nbsp;&nbsp;&nbsp;&nbsp;&nbsp;&nbsp;&nbsp;&nbsp;&nbsp;&nbsp;&nbsp;&nbsp;&nbsp;&nbsp;&nbsp;&nbsp;','would tell',NULL,'C','2019-03-13 22:27:15','2019-03-13 22:27:15',''),(126,'It&nbsp;was my father\' s wish in his will that I______________become a doctor.','单选题','should&nbsp;&nbsp;&nbsp;&nbsp;&nbsp;&nbsp;&nbsp;&nbsp;&nbsp;&nbsp;&nbsp;&nbsp;&nbsp;&nbsp;&nbsp;&nbsp;&nbsp;&nbsp;&nbsp;&nbsp;&nbsp;&nbsp;&nbsp;&nbsp;&nbsp;&nbsp;&nbsp;&nbsp;&nbsp;&nbsp;','would&nbsp;&nbsp;&nbsp;','might&nbsp;&nbsp;&nbsp;&nbsp;&nbsp;&nbsp;&nbsp;&nbsp;&nbsp;&nbsp;&nbsp;&nbsp;&nbsp;&nbsp;&nbsp;&nbsp;&nbsp;&nbsp;&nbsp;&nbsp;&nbsp;&nbsp;&nbsp;&nbsp;&nbsp;&nbsp;&nbsp;&nbsp;&nbsp;','could',NULL,'A','2019-03-13 22:27:15','2019-03-13 22:27:15',''),(127,'\nThus______________between England and France which was to last for 100 years.','单选题','broke out a war&nbsp;&nbsp;&nbsp;&nbsp;&nbsp;&nbsp;&nbsp;&nbsp;&nbsp;&nbsp;&nbsp;&nbsp;&nbsp;&nbsp;&nbsp;&nbsp;&nbsp;&nbsp;&nbsp;&nbsp;&nbsp;&nbsp;','did a war break out&nbsp;&nbsp;&nbsp;','a war broke out&nbsp;&nbsp;&nbsp;&nbsp;&nbsp;&nbsp;&nbsp;&nbsp;&nbsp;&nbsp;&nbsp;&nbsp;&nbsp;&nbsp;&nbsp;&nbsp;&nbsp;&nbsp;&nbsp;&nbsp;&nbsp;&nbsp;','was a war broken',NULL,'A','2019-03-13 22:27:15','2019-03-13 22:27:15',''),(128,'\nHe______________in the army for ten years, and he retired last year.&nbsp; ','单选题','has served&nbsp;&nbsp;&nbsp;&nbsp;&nbsp;&nbsp;&nbsp;&nbsp;&nbsp;&nbsp;&nbsp;&nbsp;&nbsp;&nbsp;&nbsp;&nbsp;&nbsp;&nbsp;&nbsp;&nbsp;&nbsp;&nbsp;&nbsp;&nbsp;&nbsp;&nbsp;','had served','served&nbsp;&nbsp;&nbsp;&nbsp;&nbsp;&nbsp;&nbsp;&nbsp;&nbsp;&nbsp;&nbsp;&nbsp;&nbsp;&nbsp;&nbsp;&nbsp;&nbsp;&nbsp;&nbsp;&nbsp;&nbsp;&nbsp;&nbsp;&nbsp;&nbsp;&nbsp;&nbsp;&nbsp;&nbsp;&nbsp;','had been serving',NULL,'B','2019-03-13 22:27:15','2019-03-13 22:27:15',''),(129,'Before his death last year, Professor Johnson decided that he______________leave $ 2,000,000 to his university.','单选题','can&nbsp;&nbsp;&nbsp;&nbsp;&nbsp;&nbsp;&nbsp;&nbsp;&nbsp;&nbsp;&nbsp;&nbsp;&nbsp;&nbsp;&nbsp;&nbsp;&nbsp;&nbsp;&nbsp;&nbsp;&nbsp;&nbsp;&nbsp;&nbsp;&nbsp;&nbsp;&nbsp;&nbsp;&nbsp;&nbsp;&nbsp;&nbsp;','would&nbsp;&nbsp;&nbsp;','may&nbsp;&nbsp;&nbsp;&nbsp;&nbsp;&nbsp;&nbsp;&nbsp;&nbsp;&nbsp;&nbsp;&nbsp;&nbsp;&nbsp;&nbsp;&nbsp;&nbsp;&nbsp;&nbsp;&nbsp;&nbsp;&nbsp;&nbsp;&nbsp;&nbsp;&nbsp;&nbsp;&nbsp;&nbsp;&nbsp;','shall',NULL,'B','2019-03-13 22:27:15','2019-03-13 22:27:15',''),(130,'An iron and steel works, with several satellite factories,______________in that city now.','单选题','is built&nbsp;&nbsp;&nbsp;&nbsp;&nbsp;&nbsp;&nbsp;&nbsp;&nbsp;&nbsp;&nbsp;&nbsp;&nbsp;&nbsp;&nbsp;&nbsp;&nbsp;&nbsp;&nbsp;&nbsp;&nbsp;&nbsp;&nbsp;&nbsp;&nbsp;&nbsp;&nbsp;&nbsp;&nbsp;','is being built','were built&nbsp;&nbsp;&nbsp;&nbsp;&nbsp;&nbsp;&nbsp;&nbsp;&nbsp;&nbsp;&nbsp;&nbsp;&nbsp;&nbsp;&nbsp;&nbsp;&nbsp;&nbsp;&nbsp;&nbsp;&nbsp;&nbsp;&nbsp;&nbsp;&nbsp;&nbsp;&nbsp;','are being built',NULL,'B','2019-03-13 22:27:15','2019-03-13 22:27:15',''),(131,'\nTheteacher doesn\'t permit______________in class.','单选题','smoke&nbsp;&nbsp;&nbsp;&nbsp;&nbsp;&nbsp;&nbsp;&nbsp;&nbsp;&nbsp;&nbsp;&nbsp;&nbsp;&nbsp;&nbsp;&nbsp;&nbsp;&nbsp;&nbsp;&nbsp;&nbsp;&nbsp;&nbsp;&nbsp;&nbsp;&nbsp;&nbsp;&nbsp;&nbsp;&nbsp;','smokes&nbsp;&nbsp;&nbsp;','to have a smoke&nbsp;&nbsp;&nbsp;&nbsp;&nbsp;&nbsp;&nbsp;&nbsp;&nbsp;&nbsp;&nbsp;&nbsp;&nbsp;&nbsp;&nbsp;&nbsp;&nbsp;&nbsp;&nbsp;&nbsp;&nbsp;','smoking',NULL,'D','2019-03-13 22:27:15','2019-03-13 22:27:15',''),(132,'He traveled to the Northern part of the country, ______________he got many newideas for this book.','单选题','which&nbsp;&nbsp;&nbsp;&nbsp;&nbsp;&nbsp;&nbsp;&nbsp;&nbsp;','there&nbsp;&nbsp;&nbsp;&nbsp;&nbsp;&nbsp;&nbsp;&nbsp;&nbsp;&nbsp;&nbsp;&nbsp;&nbsp;','where&nbsp;&nbsp;&nbsp;&nbsp;&nbsp;&nbsp;&nbsp;&nbsp;&nbsp;&nbsp;&nbsp;&nbsp;','that',NULL,'C','2019-03-13 22:27:15','2019-03-13 22:27:15',''),(133,'\nHospital doctors don\' t go out very often as their work takes __ their time.','单选题','away&nbsp;&nbsp;&nbsp;&nbsp;&nbsp;&nbsp;&nbsp;&nbsp;&nbsp;&nbsp;','over&nbsp;&nbsp;&nbsp;&nbsp;&nbsp;&nbsp;&nbsp;&nbsp;&nbsp;&nbsp;&nbsp;&nbsp;&nbsp;&nbsp;','in&nbsp;&nbsp;&nbsp;&nbsp;&nbsp;&nbsp;&nbsp;&nbsp;&nbsp;&nbsp;&nbsp;&nbsp;&nbsp;&nbsp;&nbsp;&nbsp;','up',NULL,'D','2019-03-13 22:27:15','2019-03-13 22:27:15',''),(134,'The police knew nothing about the case_____________your father phone them.&nbsp;&nbsp;&nbsp;','单选题','after&nbsp;&nbsp;&nbsp;&nbsp;&nbsp;&nbsp;&nbsp;&nbsp;&nbsp;','since&nbsp;&nbsp;&nbsp;&nbsp;&nbsp;&nbsp;&nbsp;&nbsp;&nbsp;&nbsp;&nbsp;&nbsp;&nbsp;','as&nbsp;&nbsp;&nbsp;&nbsp;&nbsp;&nbsp;&nbsp;&nbsp;&nbsp;&nbsp;&nbsp;&nbsp;&nbsp;&nbsp;&nbsp;','until',NULL,'D','2019-03-13 22:27:15','2019-03-13 22:27:15',''),(135,'\nI don\' t think this room will be big enough to_____________all the guests.','单选题','contain&nbsp;&nbsp;&nbsp;&nbsp;&nbsp;&nbsp;&nbsp;&nbsp;','hold&nbsp;&nbsp;&nbsp;&nbsp;&nbsp;&nbsp;&nbsp;&nbsp;&nbsp;&nbsp;&nbsp;&nbsp;&nbsp;&nbsp;','keep&nbsp;&nbsp;&nbsp;&nbsp;&nbsp;&nbsp;&nbsp;&nbsp;&nbsp;&nbsp;&nbsp;&nbsp;&nbsp;','swallow',NULL,'B','2019-03-13 22:27:15','2019-03-13 22:27:15',''),(136,'______________the storm, the ship would have reached its destination on time.','单选题','But for&nbsp;&nbsp;&nbsp;&nbsp;&nbsp;&nbsp;&nbsp;&nbsp;&nbsp;&nbsp;&nbsp;&nbsp;&nbsp;&nbsp;&nbsp;&nbsp;&nbsp;&nbsp;&nbsp;&nbsp;&nbsp;&nbsp;&nbsp;&nbsp;&nbsp;&nbsp;&nbsp;&nbsp;&nbsp;','In case of&nbsp;&nbsp;&nbsp;','In spite of&nbsp;&nbsp;&nbsp;&nbsp;&nbsp;&nbsp;&nbsp;&nbsp;&nbsp;&nbsp;&nbsp;&nbsp;&nbsp;&nbsp;&nbsp;&nbsp;&nbsp;&nbsp;&nbsp;&nbsp;&nbsp;&nbsp;&nbsp;&nbsp;&nbsp;','Because of',NULL,'A','2019-03-13 22:27:15','2019-03-13 22:27:15',''),(137,'\n______________he was an old customer, the boss allowed 5% discount off theprices of the goods.','单选题','Gave&nbsp;&nbsp;&nbsp;&nbsp;&nbsp;&nbsp;&nbsp;&nbsp;&nbsp;&nbsp;&nbsp;&nbsp;&nbsp;&nbsp;&nbsp;&nbsp;&nbsp;&nbsp;&nbsp;&nbsp;&nbsp;&nbsp;&nbsp;&nbsp;&nbsp;&nbsp;&nbsp;&nbsp;&nbsp;&nbsp;&nbsp;','To give that&nbsp;&nbsp;&nbsp;','Given that&nbsp;&nbsp;&nbsp;&nbsp;&nbsp;&nbsp;&nbsp;&nbsp;&nbsp;&nbsp;&nbsp;&nbsp;&nbsp;&nbsp;&nbsp;&nbsp;&nbsp;&nbsp;&nbsp;&nbsp;&nbsp;&nbsp;&nbsp;&nbsp;&nbsp;','Giving that',NULL,'C','2019-03-13 22:27:15','2019-03-13 22:27:15',''),(138,'The manaager of the company insisted that all the staff members______________the newsafety rules.','单选题','would observe&nbsp;&nbsp;&nbsp;&nbsp;&nbsp;&nbsp;&nbsp;&nbsp;&nbsp;&nbsp;&nbsp;&nbsp;&nbsp;&nbsp;&nbsp;&nbsp;&nbsp;&nbsp;&nbsp;&nbsp;&nbsp;&nbsp;&nbsp;','observe','observed&nbsp;&nbsp;&nbsp;&nbsp;&nbsp;&nbsp;&nbsp;&nbsp;&nbsp;&nbsp;&nbsp;&nbsp;&nbsp;&nbsp;&nbsp;&nbsp;&nbsp;&nbsp;&nbsp;&nbsp;&nbsp;&nbsp;&nbsp;&nbsp;&nbsp;&nbsp;&nbsp;&nbsp;','will observe',NULL,'B','2019-03-13 22:27:15','2019-03-13 22:27:15',''),(139,'\nImagine yourself as a winner,______________ will make great contributions toyour future success.','单选题','that&nbsp;&nbsp;&nbsp;&nbsp;&nbsp;&nbsp;&nbsp;&nbsp;','which&nbsp;&nbsp;&nbsp;&nbsp;&nbsp;&nbsp;&nbsp;&nbsp;&nbsp;&nbsp;','it&nbsp;&nbsp;&nbsp;&nbsp;&nbsp;&nbsp;&nbsp;&nbsp;&nbsp;&nbsp;&nbsp;&nbsp;&nbsp;','and',NULL,'B','2019-03-13 22:27:15','2019-03-13 22:27:15',''),(140,'\nItwas two days later ______________they began to discuss my suggestion.','单选题','when&nbsp;&nbsp;&nbsp;&nbsp;&nbsp;&nbsp;&nbsp;&nbsp;&nbsp;','that&nbsp;&nbsp;&nbsp;&nbsp;&nbsp;&nbsp;&nbsp;&nbsp;&nbsp;&nbsp;&nbsp;&nbsp;&nbsp;','what&nbsp;&nbsp;&nbsp;&nbsp;&nbsp;&nbsp;&nbsp;&nbsp;&nbsp;&nbsp;&nbsp;&nbsp;','on which',NULL,'B','2019-03-13 22:27:15','2019-03-13 22:27:15',''),(141,'When I arrived home after a hard day at work, my wife_____.','单选题','was sleeping&nbsp;&nbsp;&nbsp;&nbsp;&nbsp;&nbsp;&nbsp;&nbsp;&nbsp;&nbsp;&nbsp;&nbsp;&nbsp;&nbsp;&nbsp;&nbsp;&nbsp;&nbsp;&nbsp;&nbsp;&nbsp;&nbsp;&nbsp;&nbsp;','had been sleeping&nbsp;&nbsp;&nbsp;','slept&nbsp;&nbsp;&nbsp;&nbsp;&nbsp;&nbsp;&nbsp;&nbsp;&nbsp;&nbsp;&nbsp;&nbsp;&nbsp;&nbsp;&nbsp;&nbsp;&nbsp;&nbsp;&nbsp;&nbsp;&nbsp;&nbsp;&nbsp;&nbsp;&nbsp;&nbsp;&nbsp;&nbsp;&nbsp;&nbsp;&nbsp;','has been sleeping',NULL,'A','2019-03-13 22:27:15','2019-03-13 22:27:15',''),(142,'\nIfyou can\' t put your PC______________good use, sell it to those who really needit.','单选题','into&nbsp;&nbsp;&nbsp;&nbsp;&nbsp;&nbsp;&nbsp;&nbsp;&nbsp;&nbsp;','of&nbsp;&nbsp;&nbsp;&nbsp;&nbsp;&nbsp;&nbsp;&nbsp;&nbsp;&nbsp;&nbsp;&nbsp;&nbsp;&nbsp;','to&nbsp;&nbsp;&nbsp;&nbsp;&nbsp;&nbsp;&nbsp;&nbsp;&nbsp;&nbsp;&nbsp;&nbsp;&nbsp;&nbsp;&nbsp;','with',NULL,'A','2019-03-13 22:27:15','2019-03-13 22:27:15',''),(143,'\nEvidence came up_________________specific sounds are recognized by babies asyoung as 6 months old.','单选题','what&nbsp;&nbsp;&nbsp;&nbsp;&nbsp;&nbsp;&nbsp;&nbsp;&nbsp;','which&nbsp;&nbsp;&nbsp;&nbsp;&nbsp;&nbsp;&nbsp;&nbsp;&nbsp;&nbsp;','that&nbsp;&nbsp;&nbsp;&nbsp;&nbsp;&nbsp;&nbsp;&nbsp;&nbsp;&nbsp;&nbsp;&nbsp;&nbsp;','whose',NULL,'C','2019-03-13 22:27:15','2019-03-13 22:27:15',''),(144,'\nI\' mstill unable to make myself _________________in the discussion, which worriesme a lot.','单选题','to be understood&nbsp;&nbsp;&nbsp;&nbsp;&nbsp;&nbsp;&nbsp;&nbsp;&nbsp;&nbsp;&nbsp;&nbsp;&nbsp;&nbsp;&nbsp;&nbsp;&nbsp;&nbsp;&nbsp;&nbsp;&nbsp;','understanding&nbsp;&nbsp;&nbsp;','understood&nbsp;&nbsp;&nbsp;&nbsp;&nbsp;&nbsp;&nbsp;&nbsp;&nbsp;&nbsp;&nbsp;&nbsp;&nbsp;&nbsp;&nbsp;&nbsp;&nbsp;&nbsp;&nbsp;&nbsp;&nbsp;&nbsp;&nbsp;&nbsp;&nbsp;&nbsp;','understand',NULL,'C','2019-03-13 22:27:15','2019-03-13 22:27:15',''),(145,'Which do you think is _________________important, health or wealth?','单选题','most                                the most','the more','the most','more',NULL,'D','2019-03-13 22:27:15','2019-03-13 22:27:15',''),(146,'在冯·诺依曼型体系结构的计算机中引进两个重要的概念，它们是 ','单选题','引入CPU和内存储器的概念','采用二进制和存储程序的概念','机器语言和十六进制','ASCII编码和指令系统 ',NULL,'B','2019-03-13 22:30:01','2019-03-13 22:30:01',''),(147,'\n1946年诞生了世界上第一台电子计算机，它的英文名字是 ','单选题','UNIVAC—I','EDVAC','ENIAC','MARK-II',NULL,'C','2019-03-13 22:30:01','2019-03-13 22:30:01',''),(148,'计算机最早的应用领域是','单选题','辅助工程','过程控制','数据处理','数值计算 ',NULL,'D','2019-03-13 22:30:01','2019-03-13 22:30:01',''),(149,'\n英文缩写CAD的中文意思是 ','单选题','计算机辅助设计','计算机辅助制造','计算机辅助教学','计算机辅助管理 ',NULL,'A','2019-03-13 22:30:01','2019-03-13 22:30:01',''),(150,'\n办公自动化(OA)是计算机的一项应用，按计算机应用的分类，它属于 ','单选题','科学计算','辅助设计','实时控制','数据处理 ',NULL,'D','2019-03-13 22:30:01','2019-03-13 22:30:01',''),(151,'电子商务的本质是','单选题','计算机技术','电子技术','商务活动','网络技术 ',NULL,'C','2019-03-13 22:30:01','2019-03-13 22:30:01',''),(152,'国际通用的ASCII码的码长是','单选题','7','8','12','16',NULL,'A','2019-03-13 22:30:01','2019-03-13 22:30:01',''),(153,'\n计算机中所有信息的存储都采用 ','单选题','十进制','十六进制','ASCII码','二进制 ',NULL,'D','2019-03-13 22:30:01','2019-03-13 22:30:01',''),(154,'大写字母B的ASCII码值是','单选题','65','66','41H','97',NULL,'B','2019-03-13 22:30:01','2019-03-13 22:30:01',''),(155,'汉字在计算机内部的传输、处理和存储都使用汉字的','单选题','字形码','输入码','机内码','国标码 ',NULL,'C','2019-03-13 22:30:01','2019-03-13 22:30:01',''),(156,'存储24×24点阵的一个汉字信息，需要的字节数是','单选题','48','72','144','192',NULL,'B','2019-03-13 22:30:01','2019-03-13 22:30:01',''),(157,'\n组成中央处理器(CPU)的主要部件是 ','单选题','控制器和内存','运算器和内存','控制器和寄存器','运算器和控制器 ',NULL,'D','2019-03-13 22:30:01','2019-03-13 22:30:01',''),(158,'操作系统对磁盘进行读/写操作的物理单位是','单选题','磁道','扇区','字节','文件 ',NULL,'B','2019-03-13 22:30:01','2019-03-13 22:30:01',''),(159,'\n计算机能够直接识别和执行的语言是 ','单选题','汇编语言','自然语言','机器语言','高级语言 ',NULL,'C','2019-03-13 22:30:01','2019-03-13 22:30:01',''),(160,'\n将高级语言源程序翻译成目标程序，完成这种翻译过程的程序是 ','单选题','编译程序','编辑程序','解释程序','汇编程序 ',NULL,'A','2019-03-13 22:30:01','2019-03-13 22:30:01',''),(161,'\n多媒体处理的是 ','单选题','模拟信号','音频信号','视频信号','数字信号 ',NULL,'D','2019-03-13 22:30:01','2019-03-13 22:30:01',''),(162,'\n下列描述中不正确的是 ','单选题','多媒体技术最主要的两个特点是集成性和交互性','所有计算机的字长都是固定不变的，都是8位','计算机的存储容量是计算机的性能指标之一','各种高级语言的编译系统都属于系统软件 ',NULL,'B','2019-03-13 22:30:01','2019-03-13 22:30:01',''),(163,'\n计算机病毒是指“能够侵入计算机系统并在计算机系统中潜伏、传播，破坏系统正常工作的一种具有繁殖能力的” ','单选题','特殊程序','源程序','特殊微生物','流行性感冒病毒 ',NULL,'A','2019-03-13 22:30:01','2019-03-13 22:30:01',''),(164,'\n将发送端数字脉冲信号转换成模拟信号的过程称为 ','单选题','链路传输','调制','解调','数字信道传输 ',NULL,'B','2019-03-13 22:30:01','2019-03-13 22:30:01',''),(165,'实现局域网与广域网互联的主要设备是','单选题','交换机','集线器','网桥','路由器 ',NULL,'D','2019-03-13 22:30:01','2019-03-13 22:30:01',''),(166,'某单位6月份预付第三季度财产保险费1800元；支付本季度借款利息3900元(其中4月份1300元，5月份1300元)；用银行存款支付本月广告费30000元。根据收付实现制，该单位6月份确认的费用为(　　)元。','单选题','31900','31300','33900','35700<br/>',NULL,'D','2019-03-13 22:35:32','2019-03-13 22:35:32',''),(167,'下列选项中，反映了可靠性质量要求的是(　　)。','单选题','企业提供的会计信息应当与财务会计报告使用者的经济决策需要相关','企业提供的会计信息应当清晰明了，简明扼要','企业应当按照交易或事项的经济实质进行会计确认、计量和报告','企业应当以实际发生的交易或者事项为依据进行会计确认、计量和报告<br/>',NULL,'D','2019-03-13 22:35:32','2019-03-13 22:35:32',''),(168,'要求企业提供的会计信息应当相互可比，保证同一企业不同时期可比、不同企业相同会计期间可比，以上描述的是会计信息质量要求的(　　)。','单选题','及时性','可比性','实质重于形式','重要性<br/>',NULL,'B','2019-03-13 22:35:32','2019-03-13 22:35:32',''),(169,'企业应当按照交易或者事项的经济实质进行会计确认、计量和报告，不应仅以交易或者事项的法律形式为依据，下列各项中，符合该要求的是(　　)。','单选题','实质重于形式','重要性','谨慎性','及时性<br/>',NULL,'A','2019-03-13 22:35:32','2019-03-13 22:35:32',''),(170,'应收账款计提坏账准备体现的是会计信息质量要求的(　　)。','单选题','可靠性','相关性','实质重于形式','谨慎性<br/>',NULL,'D','2019-03-13 22:35:32','2019-03-13 22:35:32',''),(171,'下列关于会计准则的构成的表述中，错误的是(　　)。','单选题','会计准则是反映经济活动、确认产权关系、规范收益分配的会计技术标准','会计准则并不是生成和提供会计信息的依据','会计准则是政府调控经济活动、规范经济秩序和开展国际经济交往等的重要手段','我国已颁布的会计准则有《企业会计准则》、《小企业会计准则》、《事业单位会计准则》和《政府会计准则——基本准则》<br/>',NULL,'B','2019-03-13 22:35:32','2019-03-13 22:35:32',''),(172,'由财政部制定，于2006年2月15日发布的准则是(　　)。','单选题','《企业会计准则》','《小企业会计准则》','《事业单位会计准则》','《政府会计准则》<br/>',NULL,'A','2019-03-13 22:35:32','2019-03-13 22:35:32',''),(173,'《企业会计准则》和《小企业会计准则》的区别在于(　　)。','单选题','会计基础不同','会计假设不同','会计信息质量要求不同','会计科目设置不同<br/>',NULL,'D','2019-03-13 22:35:32','2019-03-13 22:35:32',''),(174,'下列各项中，属于资金退出的有(　　)。','多选题','偿还各项债务','支付职工工资','上交各项税费','向所有者分配利润<br/>',NULL,'A,C,D','2019-03-13 22:35:32','2019-03-13 22:35:32',''),(175,'下列各项中，可以作为一个会计主体进行核算的有(　　)。','多选题','独立核算的销售部门','分公司','母公司','企业集团<br/>',NULL,'A,B,C,D','2019-03-13 22:35:32','2019-03-13 22:35:32',''),(176,'会计分期的意义有(　　)。','多选题','为企业选择会计处理原则和方法提供了基本前提','产生了本期和非本期的区别','为会计进行分期核算提供了前提','为应收、应付、预收、预付、折旧、摊销等会计处理方法提供了前提<br/>',NULL,'B,C,D','2019-03-13 22:35:32','2019-03-13 22:35:32',''),(177,'资金进入企业是资金运动的起点，主要包括(　　)。','多选题','取得借款','支付货款','购置固定资产','接受投资<br/>',NULL,'A,D','2019-03-13 22:35:32','2019-03-13 22:35:32',''),(178,'下列各项中，属于会计职能的有(　　)。','多选题','评价经营业绩','实施会计监督','预测经济前景','参与经济决策<br/>',NULL,'A,B,C,D','2019-03-13 22:35:32','2019-03-13 22:35:32',''),(179,'企业会计确认、计量和报告的前提包括(　　)。','多选题','货币计量','会计主体','持续经营','会计分期<br/>',NULL,'A,B,C,D','2019-03-13 22:35:32','2019-03-13 22:35:32',''),(180,'下列各项会计处理方法中，体现谨慎性要求的有(　　)。','多选题','采用双倍余额递减法计提固定资产折旧','将融资租入固定资产视作自有固定资产核算','无形资产期末按照其账面价值与可收回金额孰低计价','在物价上涨时对发出存货采用先进先出法<br/>',NULL,'A,C','2019-03-13 22:35:32','2019-03-13 22:35:32',''),(181,'会计核算工作的起点包括(　　)。','多选题','填制会计凭证','登记账簿','编制报表','审核会计凭证<br/>',NULL,'A,D','2019-03-13 22:35:32','2019-03-13 22:35:32',''),(182,'我国已颁布的会计准则有(　　)。','多选题','企业会计准则','行政单位会计准则','小企业会计准则','政府会计准则',NULL,'A,C,D','2019-03-13 22:35:32','2019-03-13 22:35:32',''),(184,'以下属于管理会计的主要内容的有(　　)。','多选题','经营预测','决策分析','全面预算','成本控制<br/>',NULL,'A,B,C,D','2019-03-13 22:35:32','2019-03-13 22:35:32',''),(185,'下列各项活动中，属于企业资金退出的有(　　)。','多选题','偿还各项债务','上缴各项税金','企业销售过程发生的销售费用','向所有者分配利润',NULL,'A,B,D','2019-03-13 22:35:32','2019-03-13 22:35:32',''),(186,'中国特色社会主义路线是?','简答题',NULL,NULL,NULL,NULL,NULL,'不知道','2019-03-17 05:53:06','2019-03-17 05:53:07',NULL),(187,'请通过所学网络知识进行解答','应用题',NULL,NULL,NULL,NULL,NULL,'不知道','2019-03-17 05:58:17','2019-03-17 05:58:18',NULL),(188,'请你根据以下内容提示，以\"TheStoryofLiHua\"为题，为学校广播站英语专栏写一篇短文','应用题',NULL,NULL,NULL,NULL,NULL,'My Hometown\r\nIn the east of China, there is a small city---Haimen. I was born there. Today, I am telling you about my hometown.   Haimen is not far from Shanghai. It’s at the mouth of the Changjiang River.   Haimen is a modern city. There are lots of high buildings in it. Most of us live in flats. We like to live in flats because we can be close to our friends. In the center of Haimen, there are many shops. You can buy some nice things here. Things in most shops aren’t expensive. You can pay a little money and they are yours.   My hometown is a beautiful city. On each of the roads, there are some big trees and nice flowers. The roads are also very clean. They make people happy and comfortable.   The seasons here are very nice. From joozone.com. I like autumn best. It’s neither hot nor cold. A poem says “Flyer of summer come to my window to sing, then fly away. And yellow leaves of autumn, which have no songs, just fall there with a sign.” It’s very cool.I love Haimen. It’s a nice place to live. Welcome to my hometown.','2019-03-19 14:32:45','2019-03-19 14:32:47',NULL);
/*!40000 ALTER TABLE `question` ENABLE KEYS */;
UNLOCK TABLES;

--
-- Table structure for table `record`
--

DROP TABLE IF EXISTS `record`;
/*!40101 SET @saved_cs_client     = @@character_set_client */;
/*!40101 SET character_set_client = utf8 */;
CREATE TABLE `record` (
  `id` int(11) NOT NULL AUTO_INCREMENT COMMENT '记录唯一标识',
  `student_id` int(11) DEFAULT NULL COMMENT '学生id',
  `question_id` int(11) DEFAULT NULL COMMENT '问题id',
  `paper_id` int(11) DEFAULT NULL COMMENT '试卷id',
  `student_answer` text COMMENT '学生每题的答案',
  `create_time` datetime DEFAULT NULL COMMENT '创建时间',
  `update_time` datetime DEFAULT NULL COMMENT '更新时间',
  PRIMARY KEY (`id`)
) ENGINE=InnoDB AUTO_INCREMENT=168 DEFAULT CHARSET=utf8 COMMENT='学生考试记录，教师阅卷表';
/*!40101 SET character_set_client = @saved_cs_client */;

--
-- Dumping data for table `record`
--

LOCK TABLES `record` WRITE;
/*!40000 ALTER TABLE `record` DISABLE KEYS */;
INSERT INTO `record` VALUES (15,1,1,2,'B','2019-03-13 11:59:46','2019-03-13 11:59:46'),(16,1,2,2,'A,C','2019-03-13 11:59:46','2019-03-13 11:59:46'),(17,1,3,2,'错','2019-03-13 11:59:46','2019-03-13 11:59:46'),(18,1,4,2,'','2019-03-13 11:59:46','2019-03-13 11:59:46'),(19,1,56,3,'D','2019-03-13 15:14:12','2019-03-13 15:14:12'),(20,1,77,3,'B','2019-03-13 15:14:12','2019-03-13 15:14:12'),(21,1,76,3,'B','2019-03-13 15:14:12','2019-03-13 15:14:12'),(22,1,60,3,'B','2019-03-13 15:14:12','2019-03-13 15:14:12'),(23,1,66,3,'A','2019-03-13 15:14:12','2019-03-13 15:14:12'),(24,1,96,3,'B','2019-03-13 15:14:12','2019-03-13 15:14:12'),(25,1,54,3,'C','2019-03-13 15:14:12','2019-03-13 15:14:12'),(26,1,58,3,'C','2019-03-13 15:14:12','2019-03-13 15:14:12'),(27,1,94,3,'B','2019-03-13 15:14:12','2019-03-13 15:14:12'),(28,1,90,3,'B','2019-03-13 15:14:12','2019-03-13 15:14:12'),(29,1,81,3,'D','2019-03-13 15:14:13','2019-03-13 15:14:13'),(30,1,87,3,'B','2019-03-13 15:14:13','2019-03-13 15:14:13'),(31,1,91,3,'B','2019-03-13 15:14:13','2019-03-13 15:14:13'),(32,1,50,3,'B','2019-03-13 15:14:13','2019-03-13 15:14:13'),(33,1,82,3,'C','2019-03-13 15:14:13','2019-03-13 15:14:13'),(104,NULL,56,6,'A','2019-03-19 14:44:57','2019-03-19 14:44:57'),(105,NULL,41,6,'A','2019-03-19 14:45:00','2019-03-19 14:45:00'),(106,NULL,66,6,'A','2019-03-19 14:45:01','2019-03-19 14:45:01'),(107,NULL,62,6,'A','2019-03-19 14:45:01','2019-03-19 14:45:01'),(108,NULL,55,6,'A','2019-03-19 14:45:02','2019-03-19 14:45:02'),(109,NULL,64,6,'A','2019-03-19 14:45:02','2019-03-19 14:45:02'),(110,NULL,75,6,'A','2019-03-19 14:45:03','2019-03-19 14:45:03'),(111,NULL,68,6,'A','2019-03-19 14:45:03','2019-03-19 14:45:03'),(112,NULL,89,6,'A','2019-03-19 14:45:04','2019-03-19 14:45:04'),(113,NULL,76,6,'A','2019-03-19 14:45:04','2019-03-19 14:45:04'),(114,NULL,73,6,'A','2019-03-19 14:45:05','2019-03-19 14:45:05'),(115,NULL,77,6,'A','2019-03-19 14:45:05','2019-03-19 14:45:05'),(116,NULL,79,6,'A','2019-03-19 14:45:06','2019-03-19 14:45:06'),(117,NULL,88,6,'A','2019-03-19 14:45:06','2019-03-19 14:45:06'),(118,NULL,69,6,'A','2019-03-19 14:45:07','2019-03-19 14:45:07'),(119,NULL,78,6,'A','2019-03-19 14:45:07','2019-03-19 14:45:07'),(120,NULL,84,6,'A','2019-03-19 14:45:09','2019-03-19 14:45:09'),(121,NULL,39,6,'A','2019-03-19 14:45:09','2019-03-19 14:45:09'),(122,NULL,71,6,'A','2019-03-19 14:45:09','2019-03-19 14:45:09'),(123,NULL,61,6,'A','2019-03-19 14:45:09','2019-03-19 14:45:09'),(124,NULL,74,6,'A','2019-03-19 14:45:09','2019-03-19 14:45:09'),(125,NULL,60,6,'A','2019-03-19 14:45:09','2019-03-19 14:45:09'),(126,NULL,44,6,'A','2019-03-19 14:45:09','2019-03-19 14:45:09'),(127,NULL,53,6,'A','2019-03-19 14:45:09','2019-03-19 14:45:09'),(128,NULL,46,6,'A','2019-03-19 14:45:09','2019-03-19 14:45:09'),(129,NULL,42,6,'A','2019-03-19 14:45:09','2019-03-19 14:45:09'),(130,NULL,47,6,'A','2019-03-19 14:45:09','2019-03-19 14:45:09'),(131,NULL,49,6,'A','2019-03-19 14:45:09','2019-03-19 14:45:09'),(132,NULL,57,6,'A','2019-03-19 14:45:09','2019-03-19 14:45:09'),(133,NULL,70,6,'A','2019-03-19 14:45:09','2019-03-19 14:45:09'),(134,NULL,188,6,'TheStoryofLiHua','2019-03-19 14:50:26','2019-03-19 14:50:26'),(135,1,39,12,'A','2019-03-19 15:52:16','2019-03-19 15:52:16'),(136,1,170,12,'A','2019-03-19 15:52:16','2019-03-19 15:52:16'),(137,1,46,12,'A','2019-03-19 15:52:16','2019-03-19 15:52:16'),(138,1,159,12,'A','2019-03-19 15:52:16','2019-03-19 15:52:16'),(139,1,155,12,'A','2019-03-19 15:52:16','2019-03-19 15:52:16'),(140,1,42,12,'A','2019-03-19 15:52:16','2019-03-19 15:52:16'),(141,1,152,12,'A','2019-03-19 15:52:16','2019-03-19 15:52:16'),(142,1,164,12,'A','2019-03-19 15:52:16','2019-03-19 15:52:16'),(143,1,149,12,'A','2019-03-19 15:52:16','2019-03-19 15:52:16'),(144,1,160,12,'A','2019-03-19 15:52:16','2019-03-19 15:52:16'),(145,1,188,12,'My Hometown\r\nIn the east of China, there is a small city---Haimen. I was born there. Today, I am telling you about my hometown.   Haimen is not far from Shanghai. It’s at the mouth of the Changjiang River.   Haimen is a modern city. There are lots of high buildings in it. Most of us live in flats. We like to live in flats because we can be close to our friends. In the center of Haimen, there are many shops. You can buy some nice things here. Things in most shops aren’t expensive. You can pay a little money and they are yours.   My hometown is a beautiful city. On each of the roads, there are some big trees and nice flowers. The roads are also very clean. They make people happy and comfortable.   The seasons here are very nice. From joozone.com. I like autumn best. It’s neither hot nor cold. A poem says “Flyer of summer come to my window to sing, then fly away. And yellow leaves of autumn, which have no songs, just fall there with a sign.” It’s very cool.I love Haimen. It’s a nice place to live. Welcome to my hometown.\r\n\r\nMy Hometown\r\nWelcome to my hometown!   Haimen is my hometown. It is a modern and busy town. It has a long history. There are many big supermarkets, beautiful gardens and good factories here. It is very easy to go shopping. You can see green hills, big trees and nice flowers. There are many restaurants in Haimen. You can enjoy Haimen goat. It tastes very delicious. Many visitors come here to enjoy it.\r\n   There are many good places to visit. There is a park and a big Shopping Mall. You can see films in Renmin Theatre.   My school is one of the best schools in my hometown. It is on Changjiang Road. It is very beautiful. I hope you can come and visit soon.','2019-03-19 15:52:16','2019-03-19 15:52:16'),(146,1,170,13,'C','2019-04-22 06:39:21','2019-04-22 06:39:21'),(147,1,168,13,'B','2019-04-22 06:39:21','2019-04-22 06:39:21'),(148,1,171,13,'A','2019-04-22 06:39:21','2019-04-22 06:39:21'),(149,1,173,13,'B','2019-04-22 06:39:21','2019-04-22 06:39:21'),(150,1,167,13,'B','2019-04-22 06:39:21','2019-04-22 06:39:21'),(151,1,166,13,'A','2019-04-22 06:39:21','2019-04-22 06:39:21'),(152,1,146,13,'B','2019-04-22 06:39:21','2019-04-22 06:39:21'),(153,1,169,13,'A','2019-04-22 06:39:21','2019-04-22 06:39:21'),(154,1,147,13,'A','2019-04-22 06:39:21','2019-04-22 06:39:21'),(155,1,172,13,'A','2019-04-22 06:39:21','2019-04-22 06:39:21');
/*!40000 ALTER TABLE `record` ENABLE KEYS */;
UNLOCK TABLES;

--
-- Table structure for table `score`
--

DROP TABLE IF EXISTS `score`;
/*!40101 SET @saved_cs_client     = @@character_set_client */;
/*!40101 SET character_set_client = utf8 */;
CREATE TABLE `score` (
  `id` int(11) NOT NULL AUTO_INCREMENT COMMENT '学生成绩唯一标识',
  `student_id` int(11) NOT NULL COMMENT '学生id',
  `paper_id` int(11) NOT NULL COMMENT '试卷id',
  `student_score` int(11) DEFAULT NULL COMMENT '考试分数',
  `create_time` datetime NOT NULL COMMENT '创建时间',
  `update_time` datetime NOT NULL COMMENT '修改时间',
  `full_score` int(11) DEFAULT NULL COMMENT '满分',
  `paper_name` varchar(32) DEFAULT NULL,
  PRIMARY KEY (`id`)
) ENGINE=InnoDB AUTO_INCREMENT=73 DEFAULT CHARSET=utf8 COMMENT='学生成绩表';
/*!40101 SET character_set_client = @saved_cs_client */;

--
-- Dumping data for table `score`
--

LOCK TABLES `score` WRITE;
/*!40000 ALTER TABLE `score` DISABLE KEYS */;
INSERT INTO `score` VALUES (58,3,4,78,'2019-03-15 16:52:57','2019-03-15 16:52:57',NULL,NULL),(59,4,4,56,'2019-03-15 16:52:58','2019-03-15 16:52:58',NULL,NULL),(68,3,12,0,'2019-04-22 14:31:52','2019-04-22 14:31:52',NULL,NULL),(69,4,12,0,'2019-04-22 14:31:55','2019-04-22 14:31:55',NULL,NULL);
/*!40000 ALTER TABLE `score` ENABLE KEYS */;
UNLOCK TABLES;

--
-- Table structure for table `student`
--

DROP TABLE IF EXISTS `student`;
/*!40101 SET @saved_cs_client     = @@character_set_client */;
/*!40101 SET character_set_client = utf8 */;
CREATE TABLE `student` (
  `student_id` int(11) NOT NULL AUTO_INCREMENT COMMENT '学生唯一标识',
  `num` varchar(20) NOT NULL COMMENT '学号',
  `name` varchar(32) NOT NULL COMMENT '姓名',
  `sex` char(1) NOT NULL DEFAULT '男' COMMENT '性别',
  `class_id` int(11) NOT NULL COMMENT '班级',
  `create_time` datetime DEFAULT NULL COMMENT '创建时间',
  `update_time` datetime DEFAULT NULL COMMENT '更新时间',
  `password` varchar(32) DEFAULT NULL COMMENT '密码',
  PRIMARY KEY (`student_id`),
  UNIQUE KEY `student_id_uindex` (`student_id`)
) ENGINE=InnoDB AUTO_INCREMENT=5 DEFAULT CHARSET=utf8 COMMENT='学生信息表';
/*!40101 SET character_set_client = @saved_cs_client */;

--
-- Dumping data for table `student`
--

LOCK TABLES `student` WRITE;
/*!40000 ALTER TABLE `student` DISABLE KEYS */;
INSERT INTO `student` VALUES (1,'15408300325','周洁','女',1,'2019-01-25 09:04:50','2019-01-25 09:04:55','60DAE9D237234EB6EB86A29E69FFB6E2'),(3,'15408300323','liu','男',1,'2019-02-15 00:36:16','2019-02-15 00:36:16','60DAE9D237234EB6EB86A29E69FFB6E2'),(4,'15408300323','sam','男',1,'2019-02-15 00:36:16','2019-02-15 00:36:16','60DAE9D237234EB6EB86A29E69FFB6E2');
/*!40000 ALTER TABLE `student` ENABLE KEYS */;
UNLOCK TABLES;

--
-- Table structure for table `student_class`
--

DROP TABLE IF EXISTS `student_class`;
/*!40101 SET @saved_cs_client     = @@character_set_client */;
/*!40101 SET character_set_client = utf8 */;
CREATE TABLE `student_class` (
  `class_id` int(11) NOT NULL AUTO_INCREMENT COMMENT '班级信息唯一标识',
  `class_name` varchar(32) DEFAULT NULL COMMENT '班级名称',
  `create_time` timestamp NOT NULL DEFAULT CURRENT_TIMESTAMP COMMENT '创建时间',
  `update_time` timestamp NOT NULL DEFAULT '0000-00-00 00:00:00' COMMENT '更新时间',
  PRIMARY KEY (`class_id`)
) ENGINE=InnoDB AUTO_INCREMENT=3 DEFAULT CHARSET=utf8 COMMENT='班级信息表';
/*!40101 SET character_set_client = @saved_cs_client */;

--
-- Dumping data for table `student_class`
--

LOCK TABLES `student_class` WRITE;
/*!40000 ALTER TABLE `student_class` DISABLE KEYS */;
INSERT INTO `student_class` VALUES (1,'软件1203','2019-04-22 07:40:41','2019-04-22 07:40:41'),(2,'软件1204','2019-04-22 07:39:50','2019-04-22 07:39:50');
/*!40000 ALTER TABLE `student_class` ENABLE KEYS */;
UNLOCK TABLES;

--
-- Table structure for table `user`
--

DROP TABLE IF EXISTS `user`;
/*!40101 SET @saved_cs_client     = @@character_set_client */;
/*!40101 SET character_set_client = utf8 */;
CREATE TABLE `user` (
  `user_id` int(11) NOT NULL AUTO_INCREMENT COMMENT '用户唯一标识',
  `email` varchar(32) NOT NULL COMMENT '邮箱',
  `password` varchar(32) DEFAULT NULL COMMENT '密码',
  `name` varchar(32) NOT NULL COMMENT '姓名',
  `sex` char(1) NOT NULL DEFAULT '男' COMMENT '性别',
  `role` int(11) DEFAULT '1' COMMENT '权限 0：管理员 1：教师',
  `phone` mediumtext COMMENT '电话',
  `create_time` datetime DEFAULT NULL COMMENT '创建时间',
  `update_time` datetime DEFAULT NULL COMMENT '修改时间',
  PRIMARY KEY (`user_id`),
  UNIQUE KEY `user_user_id_uindex` (`user_id`)
) ENGINE=InnoDB AUTO_INCREMENT=13 DEFAULT CHARSET=utf8 COMMENT='存储管理员、教师信息';
/*!40101 SET character_set_client = @saved_cs_client */;

--
-- Dumping data for table `user`
--

LOCK TABLES `user` WRITE;
/*!40000 ALTER TABLE `user` DISABLE KEYS */;
INSERT INTO `user` VALUES (11,'admin@qq.com','60DAE9D237234EB6EB86A29E69FFB6E2','admin','男',0,'15886375693','2019-03-10 22:52:45','2019-03-10 22:52:45'),(12,'admin@qq.com','87F4D927D81AD1DFE1FF4B9B9CE35C90','admin','男',1,'15886375693','2019-03-10 22:52:45','2019-03-10 22:52:45');
/*!40000 ALTER TABLE `user` ENABLE KEYS */;
UNLOCK TABLES;
/*!40103 SET TIME_ZONE=@OLD_TIME_ZONE */;

/*!40101 SET SQL_MODE=@OLD_SQL_MODE */;
/*!40014 SET FOREIGN_KEY_CHECKS=@OLD_FOREIGN_KEY_CHECKS */;
/*!40014 SET UNIQUE_CHECKS=@OLD_UNIQUE_CHECKS */;
/*!40101 SET CHARACTER_SET_CLIENT=@OLD_CHARACTER_SET_CLIENT */;
/*!40101 SET CHARACTER_SET_RESULTS=@OLD_CHARACTER_SET_RESULTS */;
/*!40101 SET COLLATION_CONNECTION=@OLD_COLLATION_CONNECTION */;
/*!40111 SET SQL_NOTES=@OLD_SQL_NOTES */;

-- Dump completed on 2019-04-22 18:26:13
